Price,Adj Close,Close,High,Low,Open,Volume,Ticker,Volatility,Day_Of_Week,5-Day MA,10-Day MA,Daily Return (%),Target_Max,Target_Min,Target_Avg
Ticker,NVDA,NVDA,NVDA,NVDA,NVDA,NVDA,,,,,,,,,
Date,,,,,,,,,,,,,,,
2023-11-01,42.309288024902344,42.32500076293945,42.38100051879883,40.86899948120117,40.88399887084961,437593000,NVDA,3.699628218922127,2,41.01839981079102,41.699699783325194,3.788626851129151,46.21799850463867,40.86899948120117,44.50840072631836
2023-11-02,43.489845275878906,43.50600051879883,43.88399887084961,42.89400100708008,43.327999114990234,409172000,NVDA,2.308010072564978,3,41.65439987182617,41.840199661254886,2.7903124266296153,46.867000579833984,42.89400100708008,45.35820083618164
2023-11-03,44.98828887939453,45.005001068115234,45.308998107910156,43.722999572753906,44.02000045776367,424610000,NVDA,3.6273781548706205,4,42.55540008544922,42.20199966430664,3.4455029914061797,48.22999954223633,43.722999572753906,46.047000885009766
2023-11-06,45.7340087890625,45.750999450683594,45.935001373291016,44.89899826049805,45.28499984741211,400733000,NVDA,2.3074080779758512,0,43.4734001159668,42.47959976196289,1.6575899674778016,48.47200012207031,44.89899826049805,46.71300048828125
2023-11-07,45.93793869018555,45.95500183105469,46.21799850463867,45.15800094604492,45.71900177001953,343165000,NVDA,2.3473084201850343,1,44.50840072631836,42.70880012512207,0.4458971013103108,49.11600112915039,45.15800094604492,47.286800384521484
2023-11-08,46.556705474853516,46.57400131225586,46.867000579833984,45.96799850463867,46.099998474121094,346719000,NVDA,1.9557128968854136,2,45.35820083618164,43.18830032348633,1.3469686792241031,49.83399963378906,45.96799850463867,48.02699966430664
2023-11-09,46.93256759643555,46.95000076293945,48.22999954223633,46.75,47.46699905395508,540496000,NVDA,3.1657744218958888,3,46.047000885009766,43.85070037841797,0.8073161851881672,49.959999084472656,46.75,48.48979949951172
2023-11-10,48.31705093383789,48.334999084472656,48.47200012207031,47.28300094604492,47.5,421245000,NVDA,2.5146440628465374,4,46.71300048828125,44.63420028686524,2.9499431289178313,49.959999084472656,47.28300094604492,48.9957992553711
2023-11-13,48.60194396972656,48.619998931884766,49.11600112915039,48.0989990234375,48.31999969482422,384136000,NVDA,2.114393493339289,0,47.286800384521484,45.38010025024414,0.5896345356581678,49.959999084472656,48.0989990234375,49.18839950561524
2023-11-14,49.63755798339844,49.65599822998047,49.83399963378906,49.040000915527344,49.68000030517578,416954000,NVDA,1.6190838161471526,1,48.02699966430664,46.2677001953125,2.1308089692620324,50.54800033569336,48.20000076293945,49.546199798583984
2023-11-15,48.86984634399414,48.88800048828125,49.959999084472656,48.20000076293945,49.935001373291016,475497000,NVDA,3.651448742064025,2,48.48979949951172,46.92400016784668,-1.5466363965582874,50.54800033569336,48.20000076293945,49.603800201416014
2023-11-16,49.46162796020508,49.47999954223633,49.525001525878906,48.33000183105469,48.67900085449219,339756000,NVDA,2.472583591040474,3,48.9957992553711,47.52140007019043,1.2109291606168027,50.54800033569336,47.689998626708984,49.569400024414065
2023-11-17,49.27969741821289,49.29800033569336,49.71699905395508,49.00699996948242,49.52399826049805,325205000,NVDA,1.4487707570648805,4,49.18839950561524,47.950699996948245,-0.36782378380503244,50.54800033569336,47.689998626708984,49.228600311279294
2023-11-20,50.39027786254883,50.409000396728516,50.54800033569336,49.180999755859375,49.3120002746582,414120000,NVDA,2.7795298725522986,0,49.546199798583984,48.416500091552734,2.253641229806136,50.54800033569336,47.652000427246094,49.01740036010742
2023-11-21,49.925453186035156,49.944000244140625,50.516998291015625,49.22200012207031,50.125999450683594,565747000,NVDA,2.630933659204672,1,49.603800201416014,48.815399932861325,-0.922454619072488,50.516998291015625,47.472999572753906,48.49980010986328
2023-11-22,48.697906494140625,48.715999603271484,50.334999084472656,47.689998626708984,49.85200119018555,899420000,NVDA,5.546237227782867,2,49.569400024414065,49.02959976196289,-2.4587550754171072,50.334999084472656,47.472999572753906,48.138999938964844
2023-11-24,47.758262634277344,47.7760009765625,48.92100143432617,47.744998931884766,48.470001220703125,294645000,NVDA,2.4630904361714325,4,49.228600311279294,49.112199783325195,-1.9295480629855755,48.92100143432617,46.422000885009766,47.74980010986328
2023-11-27,48.224090576171875,48.242000579833984,48.529998779296875,47.652000427246094,47.79999923706055,395662000,NVDA,1.8425214978986824,0,49.01740036010742,49.10289993286133,0.9753842802793233,48.762001037597656,46.1870002746582,47.54759979248047
2023-11-28,47.80324172973633,47.82099914550781,48.323001861572266,47.472999572753906,48.236000061035156,401491000,NVDA,1.7904962746575628,1,48.49980010986328,49.022999954223636,-0.8726865164504716,48.762001037597656,45.0099983215332,47.001199340820314
2023-11-29,48.12212371826172,48.13999938964844,48.762001037597656,47.86000061035156,48.37900161743164,382005000,NVDA,1.884664470837891,2,48.138999938964844,48.87140007019043,0.6670714745419248,48.762001037597656,45.0099983215332,46.75019989013672
2023-11-30,46.75263214111328,46.77000045776367,48.11000061035156,46.422000885009766,48.02399826049805,526247000,NVDA,3.6362063098552757,3,47.74980010986328,48.65960006713867,-2.8458640408278835,48.11000061035156,45.0099983215332,46.222799682617186
2023-12-01,46.74763107299805,46.76499938964844,47.20000076293945,46.1870002746582,46.525001525878906,369317000,NVDA,2.1932588872567704,4,47.54759979248047,48.38810005187988,-0.010692897298025805,47.387001037597656,45.0099983215332,46.1879997253418
2023-12-04,45.49309539794922,45.5099983215332,46.07699966430664,45.0099983215332,46.07699966430664,437543000,NVDA,2.370587386276293,0,47.001199340820314,48.00929985046387,-2.68363323959121,47.74100112915039,45.0099983215332,46.33619995117188
2023-12-05,46.55280303955078,46.566001892089844,46.599998474121094,45.270999908447266,45.465999603271484,371718000,NVDA,2.935651009170323,1,46.75019989013672,47.625,2.3203770808688295,47.74100112915039,45.270999908447266,46.559600067138675
2023-12-06,45.49009704589844,45.50299835205078,47.387001037597656,45.4119987487793,47.21500015258789,380590000,NVDA,4.349075890149955,2,46.222799682617186,47.18089981079102,-2.2827889379518185,47.74100112915039,45.4119987487793,46.77779998779297
2023-12-07,46.58279037475586,46.59600067138672,46.62900161743164,45.604000091552734,45.70000076293945,350823000,NVDA,2.247613200204269,3,46.1879997253418,46.96889991760254,2.402044610070564,48.59400177001953,45.604000091552734,47.29480056762695
2023-12-08,47.49253463745117,47.50600051879883,47.74100112915039,46.54999923706055,46.595001220703125,359224000,NVDA,2.5585433117292804,4,46.33619995117188,46.94189987182617,1.9529569797841262,48.66999816894531,45.83000183105469,47.645600128173825
2023-12-11,46.61378479003906,46.62699890136719,47.53099822998047,45.83000183105469,47.49100112915039,509728000,NVDA,3.7115346518995245,0,46.559600067138675,46.78039970397949,-1.8502959791022788,49.40399932861328,45.83000183105469,47.92239990234375
2023-12-12,47.64349365234375,47.65700149536133,47.66600036621094,46.04600143432617,46.04600143432617,372387000,NVDA,3.518218480263296,1,46.77779998779297,46.763999938964844,2.2090261399258404,50.43299865722656,46.04600143432617,48.61240005493164
2023-12-13,48.074371337890625,48.0880012512207,48.59400177001953,47.608001708984375,47.62900161743164,447792000,NVDA,2.0710805445318297,2,47.29480056762695,46.75880012512207,0.9043786691055766,50.43299865722656,47.422000885009766,49.001799774169925
2023-12-14,48.3362922668457,48.349998474121094,48.66999816894531,47.422000885009766,48.38999938964844,391232000,NVDA,2.6316841563934146,3,47.645600128173825,46.91679992675781,0.5448286809253577,50.43299865722656,47.422000885009766,49.00639953613281
2023-12-15,48.87614440917969,48.88999938964844,49.40399932861328,48.119998931884766,48.194000244140625,479948000,NVDA,2.668330060742634,4,47.92239990234375,47.12929992675781,1.1168581852518011,50.43299865722656,48.097999572753906,49.13440017700195
2023-12-18,50.062801361083984,50.07699966430664,50.43299865722656,49.150001525878906,49.400001525878906,412587000,NVDA,2.6103704812137614,0,48.61240005493164,47.58600006103516,2.4278999580219507,50.43299865722656,48.097999572753906,49.1224006652832
2023-12-19,49.58993911743164,49.604000091552734,49.70000076293945,48.89500045776367,49.42399978637695,464444000,NVDA,1.6463857196834555,1,49.001799774169925,47.88979988098144,-0.9445445532373697,49.999000549316406,48.097999572753906,48.96280059814453
2023-12-20,48.09735870361328,48.111000061035156,49.999000549316406,48.097999572753906,49.654998779296875,397894000,NVDA,3.9523493564155645,2,49.00639953613281,48.150600051879884,-3.0098379722643065,49.999000549316406,48.097999572753906,48.92540054321289
2023-12-21,48.97611618041992,48.9900016784668,49.095001220703125,48.41899871826172,48.81100082397461,300425000,NVDA,1.3961513462409643,3,49.13440017700195,48.39000015258789,1.8270283642337848,49.88399887084961,48.41899871826172,49.20760040283203
2023-12-22,48.816162109375,48.83000183105469,49.382999420166016,48.46699905395508,49.19499969482422,252507000,NVDA,1.8899465287529262,4,49.1224006652832,48.522400283813475,-0.3265969420908066,49.99700164794922,48.46699905395508,49.31399993896484
2023-12-26,49.26502990722656,49.27899932861328,49.599998474121094,48.959999084472656,48.96799850463867,244200000,NVDA,1.30718832029433,1,48.96280059814453,48.78760032653808,0.9195115312755187,49.99700164794922,47.595001220703125,49.18159942626953
2023-12-27,49.40298843383789,49.41699981689453,49.68000030517578,49.084999084472656,49.51100158691406,233648000,NVDA,1.2121854574737991,2,48.92540054321289,48.963600158691406,0.28003914479066694,49.99700164794922,47.31999969482422,48.839599609375
2023-12-28,49.507965087890625,49.52199935913086,49.88399887084961,49.4119987487793,49.643001556396484,246587000,NVDA,0.9552338177414308,3,49.20760040283203,49.10699996948242,0.2124765619632596,49.99700164794922,47.31999969482422,48.555799865722655
2023-12-29,49.507965087890625,49.52199935913086,49.99700164794922,48.750999450683594,49.8129997253418,389293000,NVDA,2.5558495442254023,4,49.31399993896484,49.224200057983396,0.0,49.99700164794922,47.31999969482422,48.47080001831055
2024-01-02,48.15434646606445,48.167999267578125,49.29499816894531,47.595001220703125,49.24399948120117,411254000,NVDA,3.5717972573613754,1,49.18159942626953,49.15200004577637,-2.734138583003487,52.275001525878906,47.31999969482422,49.01699981689453
2024-01-03,47.555519104003906,47.569000244140625,48.183998107910156,47.31999969482422,47.48500061035156,320896000,NVDA,1.8258630994463854,2,48.839599609375,48.90120010375976,-1.2435621834944843,54.32500076293945,47.31999969482422,50.011399841308595
2024-01-04,47.984397888183594,47.99800109863281,48.5,47.507999420166016,47.766998291015625,306535000,NVDA,2.0880706237714226,3,48.555799865722655,48.740600204467775,0.9018496337749538,54.599998474121094,47.507999420166016,51.36759948730469
2024-01-05,49.08308029174805,49.09700012207031,49.547000885009766,48.305999755859375,48.46200180053711,415039000,NVDA,2.5690413932481766,4,48.47080001831055,48.83920021057129,2.2896766496153242,55.34600067138672,48.305999755859375,52.732398986816406
2024-01-08,52.23818588256836,52.25299835205078,52.275001525878906,49.479000091552734,49.512001037597656,642510000,NVDA,5.650885080847697,0,49.01699981689453,49.16549987792969,6.428087708278873,55.34600067138672,49.479000091552734,53.85499877929688
2024-01-09,53.12493896484375,53.13999938964844,54.32500076293945,51.689998626708984,52.4010009765625,773100000,NVDA,5.097702082098575,1,50.011399841308595,49.596499633789065,1.6975122300572076,56.834999084472656,51.689998626708984,54.680799102783205
2024-01-10,54.3345947265625,54.349998474121094,54.599998474121094,53.48899841308594,53.61600112915039,533796000,NVDA,2.077062749343523,2,51.36759948730469,50.103599548339844,2.2770024433014235,56.834999084472656,53.48899841308594,55.26339950561523
2024-01-11,54.806461334228516,54.821998596191406,55.34600067138672,53.560001373291016,54.999000549316406,596759000,NVDA,3.3345766473156493,3,52.732398986816406,50.644099426269534,0.8684455111715561,57.599998474121094,53.560001373291016,55.81479949951172
2024-01-12,54.694488525390625,54.709999084472656,54.970001220703125,54.33000183105469,54.619998931884766,352994000,NVDA,1.177985216416131,4,53.85499877929688,51.16289939880371,-0.20429665934603713,59.5,54.33000183105469,56.748600006103516
2024-01-16,56.36602020263672,56.38199996948242,56.834999084472656,54.900001525878906,55.018001556396484,449580000,NVDA,3.5245856189669245,1,54.680799102783205,51.84889945983887,3.056115724710917,60.33100128173828,54.7400016784668,57.73740005493164
2024-01-17,56.037113189697266,56.053001403808594,56.47100067138672,54.7400016784668,56.34700012207031,474394000,NVDA,3.1622194735899125,2,55.26339950561523,52.637399673461914,-0.5835170193535189,60.33100128173828,54.7400016784668,58.43560028076172
2024-01-18,57.090816497802734,57.106998443603516,57.599998474121094,56.106998443603516,57.2599983215332,491650000,NVDA,2.660987170821981,3,55.81479949951172,53.591199493408205,1.8803578994849524,62.8489990234375,56.106998443603516,59.49739990234375
2024-01-19,59.4741325378418,59.49100112915039,59.5,57.224998474121094,57.98899841308594,543501000,NVDA,3.9755379406567077,4,56.748600006103516,54.74049949645996,4.174624390215875,62.8489990234375,57.224998474121094,60.399400329589845
2024-01-22,59.637088775634766,59.65399932861328,60.33100128173828,59.06999969482422,60.04899978637695,452955000,NVDA,2.134758072505209,0,57.73740005493164,55.79619941711426,0.2739879920814037,62.8489990234375,58.584999084472656,60.70739974975586
2024-01-23,59.85603332519531,59.87300109863281,59.90999984741211,58.584999084472656,59.56999969482422,294654000,NVDA,2.2616724138357642,1,58.43560028076172,56.55819969177246,0.3671200128814833,62.8489990234375,58.584999084472656,61.26959991455078
2024-01-24,61.3446044921875,61.36199951171875,62.8489990234375,59.9379997253418,60.30400085449219,560271000,NVDA,4.856684092620682,2,59.49739990234375,57.38039970397949,2.4869279738174654,63.49300003051758,59.9379997253418,61.84979934692383
2024-01-25,61.59953689575195,61.617000579833984,62.71900177001953,60.849998474121094,62.349998474121094,482777000,NVDA,3.071492757215608,3,60.399400329589845,58.10709991455078,0.4155683813180433,63.49300003051758,60.573001861572266,61.882799530029295
2024-01-26,61.013702392578125,61.03099822998047,61.78300094604492,60.573001861572266,60.959999084472656,390309000,NVDA,1.9975881123373613,4,60.70739974975586,58.72799987792969,-0.9510400446939404,63.49300003051758,60.573001861572266,62.164799499511716
2024-01-29,62.447296142578125,62.46500015258789,62.48899841308594,60.90700149536133,61.231998443603516,348733000,NVDA,2.5973974730066036,0,61.26959991455078,59.50349998474121,2.3496288184632563,66.5999984741211,60.70000076293945,63.1906005859375
2024-01-30,62.75620651245117,62.77399826049805,63.49300003051758,62.2599983215332,62.900001525878906,410735000,NVDA,1.9804075525616096,1,61.84979934692383,60.142699813842775,0.4946739888823215,69.49700164794922,60.70000076293945,64.56400070190429
2024-01-31,61.50956344604492,61.527000427246094,62.26900100708008,60.70000076293945,61.439998626708984,453795000,NVDA,2.584843862306147,2,61.882799530029295,60.69009971618652,-1.9864878258625374,69.75399780273438,60.70000076293945,65.65380096435547
2024-02-01,63.00913619995117,63.027000427246094,63.191001892089844,61.650001525878906,62.099998474121094,369146000,NVDA,2.4995950171454084,3,62.164799499511716,61.282099914550784,2.437954052016078,70.22000122070312,61.650001525878906,67.36820068359376
2024-02-02,66.14124298095703,66.16000366210938,66.5999984741211,63.689998626708984,63.9739990234375,476578000,NVDA,4.569005982348655,4,63.1906005859375,61.94900016784668,4.970890592326049,70.79399871826172,63.689998626708984,68.69100036621094
2024-02-05,69.3123550415039,69.33200073242188,69.49700164794922,67.20500183105469,68.2249984741211,680078000,NVDA,3.4104601658316205,0,64.56400070190429,62.916800308227536,4.794433033154655,72.18499755859375,66.30000305175781,69.88560028076172
2024-02-06,68.20366668701172,68.2229995727539,69.75399780273438,66.30000305175781,69.62999725341797,683111000,NVDA,5.209644935129436,1,65.65380096435547,63.75180015563965,-1.5995516470785565,74.61100006103516,66.30000305175781,70.4688003540039
2024-02-07,70.0791244506836,70.0989990234375,70.22000122070312,67.5999984741211,68.31900024414062,495575000,NVDA,3.875743795445545,2,67.36820068359376,64.62550010681153,2.7498049960160476,74.61100006103516,67.5999984741211,71.24980010986329
2024-02-08,69.62125396728516,69.64099884033203,70.79399871826172,69.45500183105469,70.0739974975586,414422000,NVDA,1.9278624316562032,3,68.69100036621094,65.42789993286132,-0.6533619445155514,74.61100006103516,69.45500183105469,72.01000061035157
2024-02-09,72.11256408691406,72.13300323486328,72.18499755859375,70.21199798583984,70.53299713134766,436637000,NVDA,2.81006043034385,4,69.88560028076172,66.53810043334961,3.578358202823506,74.61100006103516,69.62000274658203,72.61340026855468
2024-02-12,72.22752380371094,72.24800109863281,74.61100006103516,71.25,72.5999984741211,613710000,NVDA,4.717193068119518,0,70.4688003540039,67.5164005279541,0.15942475512229493,74.61100006103516,69.62000274658203,72.7093994140625
2024-02-13,72.10755920410156,72.12799835205078,73.44999694824219,69.62000274658203,70.4000015258789,602580000,NVDA,5.50128418638735,1,71.24980010986329,68.45180053710938,-0.16609836224839025,74.4020004272461,67.73400115966797,72.15019989013672
2024-02-14,73.87906646728516,73.9000015258789,74.23600006103516,71.93800354003906,73.2020034790039,504917000,NVDA,3.1944124216862386,2,72.01000061035157,69.68910064697266,2.4567480233946393,74.4020004272461,66.24800109863281,71.21900024414063
2024-02-15,72.63740539550781,72.65799713134766,73.9749984741211,72.4000015258789,73.86900329589844,420122000,NVDA,2.1754101036575464,3,72.61340026855468,70.6522003173828,-1.6806554382767014,78.57499694824219,66.24800109863281,72.14660034179687
2024-02-16,72.59241485595703,72.61299896240234,74.4020004272461,72.5009994506836,74.0999984741211,495327000,NVDA,2.6220341663780693,4,72.7093994140625,71.29749984741211,-0.061931474472065595,82.39399719238281,66.24800109863281,73.37840118408204
2024-02-20,69.43231201171875,69.4520034790039,71.95600128173828,67.73400115966797,71.9469985961914,704833000,NVDA,6.2332064395810285,1,72.15019989013672,71.30950012207032,-4.3532088311558965,82.39399719238281,66.24800109863281,74.67420196533203
2024-02-21,67.452880859375,67.47200012207031,68.88800048828125,66.24800109863281,68.00599670410156,690298000,NVDA,3.985024975648541,2,71.21900024414063,71.23440017700196,-2.8508945138381314,82.39399719238281,66.24800109863281,76.52400054931641
2024-02-22,78.5157470703125,78.53800201416016,78.57499694824219,74.22000122070312,75.0250015258789,865100000,NVDA,5.867684796432298,3,72.14660034179687,72.07830047607422,16.40088017558281,82.39399719238281,74.22000122070312,78.56220092773438
2024-02-23,78.7946548461914,78.81700134277344,82.39399719238281,77.56999969482422,80.79000091552734,829388000,NVDA,6.218895857338092,4,73.37840118408204,72.99590072631835,0.35524118446885744,82.39399719238281,77.125,78.6770004272461
2024-02-26,79.06958770751953,79.09200286865234,80.64600372314453,78.50499725341797,79.69999694824219,503973000,NVDA,2.727223163660893,0,74.67420196533203,73.69180068969726,0.3489114292523299,82.30000305175781,77.125,79.36940002441406
2024-02-27,78.6786880493164,78.70099639892578,79.4800033569336,77.16200256347656,79.38099670410156,391705000,NVDA,3.0040702890650754,1,76.52400054931641,74.33710021972657,-0.49436915939011783,87.69499969482422,77.125,80.59839935302735
2024-02-28,77.6409912109375,77.66300201416016,78.93299865722656,77.125,77.62000274658203,393110000,NVDA,2.3442446122872775,2,78.56220092773438,74.8906005859375,-1.3189088223281908,87.69499969482422,77.125,82.05099945068359
2024-02-29,79.0895767211914,79.11199951171875,79.98999786376953,78.3499984741211,79.09400177001953,507289000,NVDA,2.093170927361444,3,78.6770004272461,75.41180038452148,1.8657500482590184,89.7239990234375,78.3499984741211,84.2583984375
2024-03-01,82.25567626953125,82.27899932861328,82.30000305175781,79.43499755859375,80.0,479135000,NVDA,3.6067295036432077,4,79.36940002441406,76.37390060424805,4.0031851507247085,92.76699829101562,79.43499755859375,86.9697982788086
2024-03-04,85.21284484863281,85.23699951171875,87.69499969482422,83.71900177001953,84.12999725341797,615616000,NVDA,4.749218027858193,0,80.59839935302735,77.63630065917968,3.5950852674952127,97.4000015258789,83.41699981689453,88.01959838867188
2024-03-05,85.94366455078125,85.96399688720703,86.09700012207031,83.41699981689453,85.2699966430664,520639000,NVDA,3.2127747474238433,1,82.05099945068359,79.2875,0.8529129129989377,97.4000015258789,83.41699981689453,88.12699890136719
2024-03-06,88.67901611328125,88.69999694824219,89.7239990234375,87.02999877929688,88.02200317382812,582520000,NVDA,3.095484639695855,2,84.2583984375,81.4102996826172,3.1827278396850733,97.4000015258789,84.16600036621094,89.31679992675781
2024-03-07,92.64707946777344,92.66899871826172,92.76699829101562,89.60199737548828,90.15799713134766,608119000,NVDA,3.532288350966123,3,86.9697982788086,82.82339935302734,4.474635745856337,97.4000015258789,84.16600036621094,89.75440063476563
2024-03-08,87.5073013305664,87.52799987792969,97.4000015258789,86.50599670410156,95.13800048828125,1142269000,NVDA,12.593352180012301,4,88.01959838867188,83.69449920654297,-5.5477008616031664,97.4000015258789,84.16600036621094,88.80940093994141
2024-03-11,85.75370788574219,85.77400207519531,88.7969970703125,84.16600036621094,86.42900085449219,678364000,NVDA,5.5022178598862235,0,88.12699890136719,84.36269912719726,-2.003927663354099,91.95999908447266,84.16600036621094,88.87120056152344
2024-03-12,91.89126586914062,91.91300201416016,91.95999908447266,86.1500015258789,88.04900360107422,668075000,NVDA,6.744048120357217,1,89.31679992675781,85.6838996887207,7.157180253269502,92.40499877929688,86.1500015258789,89.40740051269532
2024-03-13,90.86650085449219,90.88800048828125,91.50399780273438,88.43499755859375,91.05500030517578,635713000,NVDA,3.4703458233344997,2,89.75440063476563,87.00639953613282,-1.115186647609434,92.40499877929688,85.01000213623047,88.90440063476562
2024-03-14,87.9231948852539,87.94400024414062,90.64600372314453,86.5999984741211,89.5770034790039,602318000,NVDA,4.6720615708007385,3,88.80940093994141,87.889599609375,-3.239151734359269,92.40499877929688,85.01000213623047,88.80120086669922
2024-03-15,87.81622314453125,87.83699798583984,89.5459976196289,86.25700378417969,86.93000030517578,642086000,NVDA,3.8130165565204224,4,88.87120056152344,88.44539947509766,-0.12167090194183938,92.64800262451172,85.01000213623047,89.49940032958985
2024-03-18,88.43407440185547,88.45500183105469,92.40499877929688,87.08499908447266,90.38800048828125,668976000,NVDA,6.1089737047178545,0,89.40740051269532,88.76719970703125,0.7035803356058246,94.77799987792969,85.01000213623047,90.78980102539063
2024-03-19,89.37686157226562,89.39800262451172,90.54399871826172,85.01000213623047,86.69999694824219,672171000,NVDA,6.509818189585379,1,88.90440063476562,89.11060028076172,1.0660796720779242,96.76599884033203,85.01000213623047,92.09920043945313
2024-03-20,90.35062408447266,90.37200164794922,90.41000366210938,88.2229995727539,89.7969970703125,479063000,NVDA,2.4789500469794565,2,88.80120086669922,89.27780075073242,1.0895087080731392,96.76599884033203,88.2229995727539,92.73179931640625
2024-03-21,91.41336822509766,91.43499755859375,92.64800262451172,90.40499877929688,92.30000305175781,480372000,NVDA,2.481061750457654,3,89.49940032958985,89.15440063476562,1.1762447342767768,96.76599884033203,89.12300109863281,92.7073989868164
2024-03-22,94.26669311523438,94.28900146484375,94.77799987792969,90.83399963378906,91.14099884033203,586719000,NVDA,4.341986767115238,4,90.78980102539063,89.83050079345703,3.1213473860718155,96.76599884033203,89.12300109863281,92.4916000366211
2024-03-25,94.97952270507812,95.00199890136719,96.76599884033203,93.51000213623047,93.94100189208984,552136000,NVDA,3.4819769326473216,0,92.09920043945313,90.75330047607422,0.7561830387919466,96.76599884033203,89.12300109863281,91.7063995361328
2024-03-26,92.53910064697266,92.56099700927734,96.375,92.50199890136719,95.85099792480469,513648000,NVDA,4.186937736083419,1,92.73179931640625,90.81809997558594,-2.569421612511691,96.375,87.62000274658203,90.59640045166016
2024-03-27,90.22865295410156,90.25,93.23999786376953,89.12300109863281,93.11199951171875,586067000,NVDA,4.619454814566243,2,92.7073989868164,90.75429992675781,-2.4967287345075917,93.23999786376953,87.62000274658203,89.87700042724609
2024-03-28,90.33462524414062,90.35600280761719,91.30000305175781,89.19300079345703,90.0,435212000,NVDA,2.3622955159676,3,92.4916000366211,90.99550018310546,0.11745463447887516,92.2249984741211,85.87999725341797,89.00800018310547
2024-04-01,90.34162139892578,90.36299896240234,92.2249984741211,89.2040023803711,90.29900360107422,452441000,NVDA,3.386614964728035,0,91.7063995361328,91.24810028076172,0.0077428776924293174,92.2249984741211,85.87999725341797,88.53840026855468
2024-04-02,89.43083953857422,89.4520034790039,90.09400177001953,87.62000274658203,88.447998046875,433064000,NVDA,2.823555062641228,1,90.59640045166016,91.34780044555664,-1.0081510063399746,90.63400268554688,85.87999725341797,87.89240112304688
2024-04-03,88.94295501708984,88.96399688720703,90.3740005493164,88.4000015258789,88.48400115966797,370067000,NVDA,2.23303053095493,2,89.87700042724609,91.30439987182618,-0.5455513267642154,90.63400268554688,83.02200317382812,87.07279968261719
2024-04-04,85.88467407226562,85.90499877929688,90.63400268554688,85.87999725341797,90.40599822998047,434965000,NVDA,5.535637615474772,3,89.00800018310547,90.85769958496094,-3.4384674867840137,90.63400268554688,83.02200317382812,86.68780059814453
2024-04-05,87.9871826171875,88.00800323486328,88.48100280761719,85.9260025024414,86.86599731445312,399678000,NVDA,2.9734890845215176,4,88.53840026855468,90.51500015258789,2.4480583033000824,90.73899841308594,83.02200317382812,87.63000030517578
2024-04-08,87.11238861083984,87.13300323486328,88.83000183105469,86.73200225830078,88.69999694824219,283220000,NVDA,2.418945162254818,0,87.89240112304688,89.79940032958984,-0.9942277609286565,90.73899841308594,83.02200317382812,87.6655990600586
2024-04-09,85.33380126953125,85.35399627685547,87.63500213623047,83.02200317382812,87.44200134277344,503547000,NVDA,5.556357093364554,1,87.07279968261719,88.83460006713867,-2.041714266651151,90.73899841308594,83.02200317382812,87.43919830322265
2024-04-10,87.0184097290039,87.03900146484375,87.4000015258789,83.70899963378906,83.9260025024414,431929000,NVDA,4.409325052547843,2,86.68780059814453,88.28240051269532,1.974137429397893,90.73899841308594,83.70899963378906,87.85139923095703
2024-04-11,90.59456634521484,90.61599731445312,90.73899841308594,86.9260025024414,87.41999816894531,431637000,NVDA,4.386484827180957,3,87.63000030517578,88.31900024414062,4.109647157492002,90.73899841308594,83.94999694824219,87.25059967041015
2024-04-12,88.1651382446289,88.18599700927734,90.17500305175781,87.52999877929688,89.6989974975586,426805000,NVDA,3.021826013193719,4,87.6655990600586,88.10199966430665,-2.6816460417505072,90.61299896240234,82.4020004272461,86.06159973144531
2024-04-15,85.98065185546875,86.0009994506836,90.61299896240234,85.92900085449219,89.0979995727539,443077000,NVDA,5.451009625774424,0,87.43919830322265,87.66579971313476,-2.4777148670937943,90.61299896240234,75.60600280761719,83.66439971923828
2024-04-16,87.39432525634766,87.41500091552734,88.11799621582031,86.06400299072266,86.43299865722656,370453000,NVDA,2.38658806669621,1,87.85139923095703,87.46209945678712,1.644168642080257,88.7750015258789,75.60600280761719,82.3677993774414
2024-04-17,84.01512145996094,84.03500366210938,88.7750015258789,83.94999694824219,88.33999633789062,495400000,NVDA,5.747474393133672,2,87.25059967041015,86.96920013427734,-3.866610098973966,88.7750015258789,75.60600280761719,81.36939849853516
2024-04-18,84.65097045898438,84.6709976196289,86.19000244140625,82.4020004272461,84.97000122070312,447260000,NVDA,4.596978222033138,3,86.06159973144531,86.84580001831054,0.7568202889319364,86.19000244140625,75.60600280761719,80.49779815673828
2024-04-19,76.18197631835938,76.19999694824219,84.3239974975586,75.60600280761719,83.1500015258789,875198000,NVDA,11.530823434912607,4,83.66439971923828,85.66499938964844,-10.004607137666376,84.3239974975586,75.60600280761719,80.08999938964844
2024-04-22,79.49919128417969,79.51799774169922,80.072998046875,76.4000015258789,78.10399627685547,596341000,NVDA,4.807586973348348,0,82.3677993774414,84.90349884033203,4.354331924331611,88.33100128173828,76.4000015258789,82.39700012207031
2024-04-23,82.40350341796875,82.4229965209961,82.76899719238281,80.26399993896484,80.76899719238281,438559000,NVDA,3.120947442592998,1,81.36939849853516,84.61039886474609,3.6532594655278805,88.33100128173828,78.2229995727539,84.0448013305664
2024-04-24,79.65814971923828,79.677001953125,84.08200073242188,79.18299865722656,83.94999694824219,512208000,NVDA,6.186936789805711,2,80.49779815673828,83.87419891357422,-3.33158788660588,88.81900024414062,78.2229995727539,84.84060211181641
2024-04-25,82.61246490478516,82.63200378417969,83.322998046875,78.2229995727539,78.86799621582031,424641000,NVDA,6.519819620797934,3,80.08999938964844,83.07579956054687,3.708726180225952,88.81900024414062,78.2229995727539,85.51340179443359
2024-04-26,87.71424865722656,87.73500061035156,88.33100128173828,83.38700103759766,83.81800079345703,551011000,NVDA,5.9289819547671065,4,82.39700012207031,83.0306999206543,6.175569503917644,88.81900024414062,81.25499725341797,86.15040130615235
2024-04-29,87.73623657226562,87.75700378417969,87.99199676513672,85.26599884033203,87.59500122070312,388971000,NVDA,3.197051535054852,0,84.0448013305664,83.2063003540039,0.02507912882550034,89.28099822998047,81.25499725341797,86.36120147705078
2024-04-30,86.38156127929688,86.4020004272461,88.81900024414062,86.30000305175781,87.23999786376953,363709000,NVDA,2.918884244849982,1,84.84060211181641,83.10500030517578,-1.5440401318462804,92.22000122070312,81.25499725341797,87.23780059814453
2024-05-01,83.02135467529297,83.04100036621094,86.0,81.25499725341797,85.0770034790039,559863000,NVDA,5.839644215091563,2,85.51340179443359,83.00559997558594,-3.889956302418307,92.22000122070312,81.25499725341797,88.06820068359374
2024-05-02,85.79669952392578,85.81700134277344,86.23699951171875,83.19999694824219,84.4489974975586,377898000,NVDA,3.650243599607159,3,86.15040130615235,83.1202003479004,3.342928149131552,92.22000122070312,83.19999694824219,89.54240112304687
2024-05-03,88.76799774169922,88.78900146484375,89.28099822998047,87.04000091552734,87.78900146484375,398341000,NVDA,2.5746751963249883,4,86.36120147705078,84.37910079956055,3.4631833734197315,92.22000122070312,87.04000091552734,90.12840118408204
2024-05-06,92.11820220947266,92.13999938964844,92.22000122070312,89.05500030517578,89.38999938964844,376203000,NVDA,3.5539845092150286,0,87.23780059814453,85.64130096435547,3.77411376355159,92.22000122070312,88.23100280761719,90.34620056152343
2024-05-07,90.53257751464844,90.55400085449219,91.78099822998047,89.01100158691406,91.0979995727539,437342000,NVDA,3.111971097597038,1,88.06820068359374,86.45440139770508,-1.7212921051250052,91.78099822998047,88.23100280761719,89.99800109863281
2024-05-08,90.39060974121094,90.41200256347656,91.19400024414062,89.41999816894531,89.48300170898438,325721000,NVDA,1.983898581437688,2,89.54240112304687,87.52790145874023,-0.15681062092860465,91.6510009765625,88.23100280761719,90.15840148925781
2024-05-09,88.72601318359375,88.74700164794922,91.0719985961914,88.23100280761719,90.52899932861328,378013000,NVDA,3.219951828915345,3,90.12840118408204,88.13940124511718,-1.8415706635392604,94.86199951171875,88.23100280761719,91.00200042724609
2024-05-10,89.85673522949219,89.87799835205078,91.4010009765625,89.22699737548828,90.30500030517578,335325000,NVDA,2.4364863382385247,4,90.34620056152343,88.35370101928712,1.2744055383280717,95.81900024414062,88.52899932861328,92.12440032958985
2024-05-13,90.37762451171875,90.39900207519531,90.99800109863281,88.52899932861328,90.47799682617188,289680000,NVDA,2.788918646707814,0,89.99800109863281,88.61790084838867,0.5796788231795746,95.81900024414062,88.52899932861328,92.64459991455078
2024-05-14,91.33439636230469,91.35600280761719,91.6510009765625,88.93399810791016,89.5989990234375,296507000,NVDA,3.0550778402603744,1,90.15840148925781,89.11330108642578,1.0586408151119109,95.81900024414062,88.93399810791016,93.52079925537109
2024-05-15,94.60760498046875,94.62999725341797,94.86199951171875,91.5989990234375,92.47200012207031,417735000,NVDA,3.5622665346444933,2,91.00200042724609,90.27220077514649,3.5837759371930344,95.81900024414062,91.5989990234375,94.32679901123046
2024-05-16,94.33667755126953,94.35900115966797,95.81900024414062,94.10299682617188,94.91000366210938,323952000,NVDA,1.823537481105486,3,92.12440032958985,91.12640075683593,-0.28637440728680463,96.0199966430664,91.80599975585938,94.39079895019532
2024-05-17,92.45712280273438,92.47899627685547,94.73999786376953,91.80599975585938,94.36900329589844,359691000,NVDA,3.1958674985431963,4,92.64459991455078,91.4954002380371,-1.9923959131691982,106.31999969482422,91.80599975585938,96.27879943847657
2024-05-20,94.75758361816406,94.77999877929688,95.19999694824219,93.44000244140625,93.75,318764000,NVDA,1.883555715807674,0,93.52079925537109,91.75940017700195,2.488135247005574,106.4749984741211,93.18000030517578,99.07680053710938
2024-05-21,95.36344146728516,95.38600158691406,95.4000015258789,93.18000030517578,93.5989990234375,328946000,NVDA,2.3824868141579225,1,94.32679901123046,92.24260025024414,0.6393783661343022,114.93900299072266,93.18000030517578,102.9010009765625
2024-05-22,94.92753601074219,94.94999694824219,96.0199966430664,93.2490005493164,95.45899963378906,548648000,NVDA,2.971609430049075,2,94.39079895019532,92.6963996887207,-0.4570949944626812,115.49199676513672,93.2490005493164,106.78880004882812
2024-05-23,103.77445220947266,103.79900360107422,106.31999969482422,101.5199966430664,102.02799987792969,835065000,NVDA,4.728135550116414,3,96.27879943847657,94.2015998840332,9.319649223007008,115.81900024414062,101.5199966430664,109.89880065917968
2024-05-24,106.44380950927734,106.46900177001953,106.4749984741211,103.0,104.4489974975586,429494000,NVDA,3.373784926331159,4,99.07680053710938,95.86070022583007,2.572277263090883,115.81900024414062,103.0,111.0656005859375
2024-05-28,113.87405395507812,113.9010009765625,114.93900299072266,109.88300323486328,110.24400329589844,652728000,NVDA,4.601257343733781,1,102.9010009765625,98.2109001159668,6.98043475846295,115.81900024414062,106.94000244140625,112.7718002319336
2024-05-29,114.79783630371094,114.82499694824219,115.49199676513672,110.9010009765625,113.05000305175781,557442000,NVDA,4.1397243921580715,2,106.78880004882812,100.5577995300293,0.8112272620587557,116.5999984741211,106.94000244140625,113.27899932861328
2024-05-30,110.47386169433594,110.5,115.81900024414062,109.66300201416016,114.6500015258789,487350000,NVDA,5.61355983049377,3,109.89880065917968,102.1447998046875,-3.7665987922400723,122.4489974975586,106.94000244140625,114.8020004272461
2024-05-31,109.60707092285156,109.63300323486328,112.71700286865234,106.94000244140625,112.5199966430664,613263000,NVDA,5.402094908695541,4,111.0656005859375,103.67220001220703,-0.7846124571373014,125.58699798583984,106.94000244140625,116.90160064697265
2024-06-03,114.97279357910156,115.0,115.0,112.00299835205078,113.62100219726562,438392000,NVDA,2.675822694075532,0,112.7718002319336,105.92430038452149,4.895420728044075,125.58699798583984,112.00299835205078,119.15260009765625
2024-06-04,116.40945434570312,116.43699645996094,116.5999984741211,114.04499816894531,115.71600341796875,403324000,NVDA,2.2403440275309796,1,113.27899932861328,108.09000015258789,1.2495621390964606,125.58699798583984,114.04499816894531,120.51060028076172
2024-06-05,122.4110336303711,122.44000244140625,122.4489974975586,117.46800231933594,118.37100219726562,528402000,NVDA,4.240299553815392,2,114.8020004272461,110.7954002380371,5.155582988186724,125.58699798583984,117.01000213623047,121.4052017211914
2024-06-06,120.9693832397461,120.99800109863281,125.58699798583984,118.31999969482422,124.0479965209961,664696000,NVDA,6.141817367950443,3,116.90160064697265,113.40020065307617,-1.1777207726400563,126.87999725341797,117.01000213623047,121.95720062255859
2024-06-07,120.85940551757812,120.88800048828125,121.69200134277344,118.02200317382812,119.7699966430664,412386000,NVDA,3.10958810243203,4,119.15260009765625,115.10910034179688,-0.09091109716919954,129.8000030517578,117.01000213623047,123.67960052490234
2024-06-10,121.76119232177734,121.79000091552734,123.0999984741211,117.01000213623047,120.37000274658203,314162700,NVDA,5.204680135635127,0,120.51060028076172,116.64120025634766,0.7461455426533758,132.83999633789062,117.01000213623047,125.8780014038086
2024-06-11,120.8913345336914,120.91000366210938,122.87000274658203,118.73999786376953,121.7699966430664,222551200,NVDA,3.478191811617562,1,121.4052017211914,117.34210052490235,-0.7225529573879674,133.72999572753906,118.73999786376953,127.71600036621093
2024-06-12,125.18065643310547,125.19999694824219,126.87999725341797,122.56999969482422,123.05999755859375,299595000,NVDA,3.5163560164190395,2,121.95720062255859,118.37960052490234,3.548087963111368,136.3300018310547,122.56999969482422,130.65
2024-06-13,129.58999633789062,129.61000061035156,129.8000030517578,127.16000366210938,129.38999938964844,260704500,NVDA,2.0761240276962134,3,123.67960052490234,120.2906005859375,3.5223672281178064,140.75999450683594,127.16000366210938,131.76600036621093
2024-06-14,131.85963439941406,131.8800048828125,132.83999633789062,128.32000732421875,129.9600067138672,309320400,NVDA,3.5224351275569052,4,125.8780014038086,122.51530075073242,1.7514113585149094,140.75999450683594,124.30000305175781,131.15800018310546
2024-06-17,130.95977783203125,130.97999572753906,133.72999572753906,129.5800018310547,132.99000549316406,288504400,NVDA,3.202649975182978,0,127.71600036621093,124.11330032348633,-0.682445497384665,140.75999450683594,118.04000091552734,128.40399932861328
2024-06-18,135.55906677246094,135.5800018310547,136.3300018310547,130.69000244140625,131.13999938964844,294335100,NVDA,4.315555347990053,1,130.65,126.0276008605957,3.511991337275977,140.75999450683594,118.04000091552734,127.42599945068359
2024-06-20,130.75979614257812,130.77999877929688,140.75999450683594,129.52000427246094,139.8000030517578,517768400,NVDA,8.678188591416601,3,131.76600036621093,126.86160049438476,-3.540347386732645,140.75999450683594,118.04000091552734,125.58999938964844
2024-06-21,126.55045318603516,126.56999969482422,130.6300048828125,124.30000305175781,127.12000274658203,655484700,NVDA,5.092519449431478,4,131.15800018310546,127.4188003540039,-3.2191459885065554,130.6300048828125,118.04000091552734,124.23199920654297
2024-06-24,118.09175872802734,118.11000061035156,124.45999908447266,118.04000091552734,123.23999786376953,476060900,NVDA,5.438832700060414,0,128.40399932861328,127.14100036621093,-6.684047645469504,128.1199951171875,118.04000091552734,123.6259994506836
2024-06-25,126.07052612304688,126.08999633789062,126.5,119.31999969482422,121.19999694824219,425787500,NVDA,6.0174323864729535,1,127.42599945068359,127.57099990844726,6.756409860554746,128.1199951171875,118.83000183105469,124.86399993896484
2024-06-26,126.38047790527344,126.4000015258789,128.1199951171875,122.5999984741211,126.12999725341797,362975900,NVDA,4.502444299974106,2,125.58999938964844,128.11999969482423,0.24586025615984664,128.1199951171875,118.83000183105469,124.18000030517578
2024-06-27,123.9708480834961,123.98999786376953,126.41000366210938,122.91999816894531,124.0999984741211,252571700,NVDA,2.8392495486107014,3,124.23199920654297,127.99899978637696,-1.9066484438419518,128.27999877929688,118.83000183105469,124.55599975585938
2024-06-28,123.52091979980469,123.54000091552734,127.70999908447266,122.75,124.58000183105469,315516700,NVDA,4.040732451708886,4,123.6259994506836,127.39199981689453,-0.3629300395154522,128.85000610351562,118.83000183105469,124.9240005493164
2024-07-01,124.28080749511719,124.30000305175781,124.83999633789062,118.83000183105469,123.47000122070312,284885500,NVDA,5.057640675105421,0,124.86399993896484,126.63399963378906,0.6151870896861533,130.77000427246094,118.83000183105469,125.85599975585937
2024-07-02,122.65105438232422,122.66999816894531,123.41000366210938,121.02999877929688,121.12999725341797,218374000,NVDA,1.96645865224913,1,124.18000030517578,125.8029998779297,-1.3113474197854802,133.82000732421875,121.02999877929688,127.27200012207031
2024-07-03,128.26019287109375,128.27999877929688,128.27999877929688,121.36000061035156,121.66000366210938,215749000,NVDA,5.70204196946507,2,124.55599975585938,125.0729995727539,4.57324585806651,135.10000610351562,121.36000061035156,129.72000122070312
2024-07-05,125.8105697631836,125.83000183105469,128.85000610351562,125.68000030517578,127.37999725341797,214176700,NVDA,2.5222834107594254,4,124.9240005493164,124.57799987792968,-1.9098822665701398,136.14999389648438,125.68000030517578,129.54400177001952
2024-07-08,128.18019104003906,128.1999969482422,130.77000427246094,127.04000091552734,127.48999786376953,237677300,NVDA,2.936085744689016,0,125.85599975585937,124.74099960327149,1.8834896945877588,136.14999389648438,127.04000091552734,130.22600250244142
2024-07-09,131.35972595214844,131.3800048828125,133.82000732421875,128.64999389648438,130.35000610351562,285366600,NVDA,4.018665894297921,1,127.27200012207031,126.06800003051758,2.4805054682287997,136.14999389648438,127.05000305175781,130.2740036010742
2024-07-10,134.88917541503906,134.91000366210938,135.10000610351562,132.4199981689453,134.02999877929688,248978600,NVDA,2.023869484691489,2,129.72000122070312,126.95000076293945,2.6868615071566904,136.14999389648438,124.58000183105469,129.27000274658204
2024-07-11,127.38032531738281,127.4000015258789,136.14999389648438,127.05000305175781,135.75,374782700,NVDA,7.162527057177161,3,129.54400177001952,127.05000076293945,-5.566675511357733,136.14999389648438,116.72000122070312,125.88600158691406
2024-07-12,129.2200469970703,129.24000549316406,131.9199981689453,127.22000122070312,128.25999450683594,252680500,NVDA,3.6943852406419673,4,130.22600250244142,127.5750015258789,1.4442731124389985,131.9199981689453,116.55999755859375,124.6240005493164
2024-07-15,128.420166015625,128.44000244140625,131.38999938964844,127.18000030517578,130.55999755859375,208326200,NVDA,3.3102681823954394,0,130.2740036010742,128.06500167846679,-0.6190057395193516,131.38999938964844,116.55999755859375,122.36199951171875
2024-07-16,126.34048461914062,126.36000061035156,129.0399932861328,124.58000183105469,128.44000244140625,214769500,NVDA,3.5800219854920248,1,129.27000274658204,128.27100143432617,-1.619434593209057,129.0399932861328,116.55999755859375,121.38199920654297
2024-07-17,117.97177124023438,117.98999786376953,121.8499984741211,116.72000122070312,121.3499984741211,390086200,NVDA,4.395131254083673,2,125.88600158691406,127.8030014038086,-6.62393376555298,124.69000244140625,116.55999755859375,120.62799835205078
2024-07-18,121.07129669189453,121.08999633789062,122.4000015258789,116.55999755859375,121.8499984741211,320979500,NVDA,5.010298635558425,3,124.6240005493164,127.08400115966796,2.6273400544513326,124.69000244140625,113.44000244140625,119.87999877929687
2024-07-19,117.91178894042969,117.93000030517578,121.5999984741211,117.37000274658203,120.3499984741211,217223800,NVDA,3.603983665802756,4,122.36199951171875,126.29400100708008,-2.609626004031884,124.69000244140625,106.30000305175781,118.11799926757813
2024-07-22,123.52091979980469,123.54000091552734,124.06999969482422,119.86000061035156,120.3499984741211,258068900,NVDA,3.51243038798138,0,121.38199920654297,125.8280014038086,4.757059777693695,124.69000244140625,106.30000305175781,117.14399871826171
2024-07-23,122.5710678100586,122.58999633789062,124.69000244140625,122.0999984741211,122.77999877929688,173911000,NVDA,2.1212153969306593,1,120.62799835205078,124.94900054931641,-0.7689854060194623,124.69000244140625,106.30000305175781,114.75399780273438
2024-07-24,114.23235321044922,114.25,119.94999694824219,113.44000244140625,119.16999816894531,327776900,NVDA,5.7387115362576475,2,119.87999877929687,122.88300018310547,-6.8031622375641305,119.94999694824219,102.54000091552734,110.98199920654297
2024-07-25,112.26265716552734,112.27999877929688,116.62999725341797,106.30000305175781,113.04000091552734,460067000,NVDA,9.717774134616391,3,118.11799926757813,121.37099990844726,-1.724289908711707,118.33999633789062,102.54000091552734,111.53599853515625
2024-07-26,113.04254150390625,113.05999755859375,116.19999694824219,111.58000183105469,116.19000244140625,293399100,NVDA,4.140522532149371,4,117.14399871826171,119.75299911499023,0.6946907621811382,120.16000366210938,102.54000091552734,110.9219985961914
2024-07-29,111.57276153564453,111.58999633789062,116.27999877929688,111.30000305175781,113.69000244140625,248152100,NVDA,4.474389569624016,0,114.75399780273438,118.06799850463867,-1.300195694716244,120.16000366210938,101.37000274658203,109.76399841308594
2024-07-30,103.71398162841797,103.7300033569336,111.98999786376953,102.54000091552734,111.5199966430664,486833300,NVDA,9.2159126817515,1,110.98199920654297,115.80499877929688,-7.043635844522522,120.16000366210938,90.69000244140625,107.53599853515625
2024-07-31,117.00192260742188,117.0199966430664,118.33999633789062,110.87999725341797,112.9000015258789,473174200,NVDA,6.727993568959703,2,111.53599853515625,115.70799865722657,12.812101471164627,120.16000366210938,90.69000244140625,107.63999786376954
2024-08-01,109.1931381225586,109.20999908447266,120.16000366210938,106.80999755859375,117.52999877929688,523462300,NVDA,12.498835697652824,3,110.9219985961914,114.51999893188477,-6.674070913209606,120.16000366210938,90.69000244140625,104.01799926757812
2024-08-02,107.25342559814453,107.2699966430664,108.72000122070312,101.37000274658203,103.76000213623047,482027500,NVDA,7.250664175767637,4,109.76399841308594,113.45399856567383,-1.776396353511256,108.80000305175781,90.69000244140625,103.16999969482421
2024-08-05,100.43448638916016,100.44999694824219,103.41000366210938,90.69000244140625,92.05999755859375,552842400,NVDA,14.025803151699515,0,107.53599853515625,111.1449981689453,-6.357788671810349,108.80000305175781,90.69000244140625,102.66600036621094
2024-08-06,104.23389434814453,104.25,107.70999908447266,100.55000305175781,103.83999633789062,409012100,NVDA,7.120831243564714,1,107.63999786376954,109.31099853515624,3.7829797582928704,111.06999969482422,97.5199966430664,104.38000030517578
2024-08-07,98.89472961425781,98.91000366210938,108.80000305175781,98.69000244140625,107.80999755859375,411440400,NVDA,10.244199372022534,2,104.01799926757812,107.7769989013672,-5.122298645458634,116.2300033569336,97.5199966430664,106.75800018310547
2024-08-08,104.95378875732422,104.97000122070312,105.5,97.5199966430664,102.0,391910000,NVDA,8.182940557454343,3,103.16999969482421,107.0459991455078,6.126779227807488,118.5999984741211,97.5199966430664,110.59199981689453
2024-08-09,104.73382568359375,104.75,106.5999984741211,103.43000030517578,105.63999938964844,290844200,NVDA,3.064873015171674,4,102.66600036621094,106.21499938964844,-0.20958485104765057,123.23999786376953,103.43000030517578,114.16999969482421
2024-08-12,109.00315856933594,109.0199966430664,111.06999969482422,106.26000213623047,106.31999969482422,325559900,NVDA,4.526630398921976,0,104.38000030517578,105.95799942016602,4.076369110325917,125.0,106.26000213623047,118.13600006103516
2024-08-13,116.12206268310547,116.13999938964844,116.2300033569336,111.58000183105469,112.44000244140625,312646700,NVDA,4.16741481409864,1,106.75800018310547,107.1989990234375,6.530914479747296,130.0,111.58000183105469,122.33200073242188
2024-08-14,118.061767578125,118.08000183105469,118.5999984741211,114.06999969482422,118.52999877929688,339246400,NVDA,3.971244666797714,2,110.59199981689453,107.30499954223633,1.6703999066657094,130.0,114.06999969482422,124.55400085449219
2024-08-15,122.84102630615234,122.86000061035156,123.23999786376953,117.47000122070312,118.76000213623047,318086700,NVDA,4.911889489322225,3,114.16999969482421,108.66999969482421,4.048101884463007,130.0,117.47000122070312,126.63800048828125
2024-08-16,124.56076049804688,124.58000183105469,125.0,121.18000030517578,121.94000244140625,302589900,NVDA,3.152335109097257,4,118.13600006103516,110.40100021362305,1.399968429235221,130.75,121.18000030517578,126.81399993896484
2024-08-19,129.97991943359375,130.0,130.0,123.41999816894531,124.27999877929688,318333600,NVDA,5.331390316541371,0,122.33200073242188,113.35600051879882,4.350616543011032,130.75,123.0999984741211,127.77199859619141
2024-08-20,127.23035430908203,127.25,129.8800048828125,125.88999938964844,128.39999389648438,300087400,NVDA,3.169438011366095,1,124.55400085449219,115.65600051879883,-2.115384615384619,131.25999450683594,123.0999984741211,127.06399841308594
2024-08-21,128.48016357421875,128.5,129.35000610351562,126.66000366210938,127.31999969482422,257883600,NVDA,2.123797855384849,2,126.63800048828125,118.6150001525879,0.982318271119853,131.25999450683594,123.0999984741211,127.2739990234375
2024-08-22,123.72088623046875,123.73999786376953,130.75,123.0999984741211,130.02000427246094,376189100,NVDA,6.214461105364791,3,126.81399993896484,120.49199981689453,-3.704281818078181,131.25999450683594,122.63999938964844,126.69599914550781
2024-08-23,129.3500213623047,129.3699951171875,129.60000610351562,125.22000122070312,125.86000061035156,323230300,NVDA,3.4978476602093624,4,127.77199859619141,122.95399932861328,4.5498604740694,131.25999450683594,116.70999908447266,125.46599884033203
2024-08-26,126.44046783447266,126.45999908447266,131.25999450683594,124.37000274658203,129.57000732421875,331964700,NVDA,5.53991445533136,0,127.06399841308594,124.6979995727539,-2.249359312473398,131.25999450683594,116.70999908447266,123.46600036621093
2024-08-27,128.2801971435547,128.3000030517578,129.1999969482422,123.87999725341797,125.05000305175781,303134600,NVDA,4.294478376473676,1,127.2739990234375,125.91399993896485,1.4550086830667164,129.1999969482422,107.29000091552734,119.77400054931641
2024-08-28,125.59060668945312,125.61000061035156,128.3300018310547,122.63999938964844,128.1199951171875,448101100,NVDA,4.639597578052925,2,126.69599914550781,126.66699981689453,-2.0966503331422914,128.3300018310547,104.12000274658203,115.35599975585937
2024-08-29,117.57183837890625,117.58999633789062,124.43000030517578,116.70999908447266,121.36000061035156,453023300,NVDA,6.614687071598316,3,125.46599884033203,126.13999938964844,-6.384845341526102,124.43000030517578,104.12000274658203,111.67599945068359
2024-08-30,119.35157012939453,119.37000274658203,121.75,117.22000122070312,119.52999877929688,333751600,NVDA,3.8645271558799448,4,123.46600036621093,125.61899948120117,1.5137396582415308,121.75,100.94999694824219,108.7240005493164
2024-09-03,107.98332214355469,108.0,116.20999908447266,107.29000091552734,116.01000213623047,477155100,NVDA,8.313913778384899,1,119.77400054931641,123.41899948120117,-9.52500836472302,116.20999908447266,100.94999694824219,106.14400024414063
2024-09-04,106.19359588623047,106.20999908447266,113.2699966430664,104.12000274658203,105.41000366210938,372470300,NVDA,8.787930901956056,2,115.35599975585937,121.31499938964843,-1.6574082551179092,113.2699966430664,100.94999694824219,106.16399993896485
2024-09-05,107.19344329833984,107.20999908447266,109.6500015258789,104.76000213623047,104.98999786376953,306850700,NVDA,4.667811464235612,3,111.67599945068359,119.18599929809571,0.9415309374070091,117.19000244140625,100.94999694824219,108.30400085449219
2024-09-06,102.81411743164062,102.83000183105469,108.1500015258789,100.94999694824219,108.04000091552734,413638100,NVDA,7.132248435161633,4,108.7240005493164,117.09499969482422,-4.085437264081026,120.79000091552734,100.94999694824219,110.69000091552735
2024-09-09,106.45355224609375,106.47000122070312,106.55000305175781,103.69000244140625,104.87999725341797,273912000,NVDA,2.7582221458309912,0,106.14400024414063,114.80500030517578,3.539822352263311,120.79000091552734,103.69000244140625,113.94400024414062
2024-09-10,108.08330535888672,108.0999984741211,109.4000015258789,104.94999694824219,107.80999755859375,268283700,NVDA,4.240118825188067,1,106.16399993896485,112.96900024414063,1.5309450875642616,120.79000091552734,104.94999694824219,116.00599975585938
2024-09-11,116.8919448852539,116.91000366210938,117.19000244140625,107.41999816894531,109.38999938964844,441422400,NVDA,9.09514470210204,2,108.30400085449219,111.83000030517579,8.149866153881003,120.79000091552734,107.41999816894531,117.50399932861328
2024-09-12,119.13179016113281,119.13999938964844,120.79000091552734,115.37999725341797,116.83999633789062,367100500,NVDA,4.688857506407257,3,110.69000091552735,111.18300018310546,1.9074464611122055,120.79000091552734,113.22000122070312,116.7959991455078
2024-09-13,119.09178924560547,119.0999984741211,119.95999908447266,117.5999984741211,119.08000183105469,238358300,NVDA,2.006803266133461,4,113.94400024414062,111.33400039672851,-0.03357471523608435,119.95999908447266,113.22000122070312,116.54199981689453
2024-09-16,116.7719497680664,116.77999877929688,118.18000030517578,114.36000061035156,116.79000091552734,248772300,NVDA,3.340328501605869,0,116.00599975585938,111.075,-1.9479426738433836,119.66000366210938,113.22000122070312,115.92200012207032
2024-09-17,115.58203125,115.58999633789062,118.80000305175781,114.83000183105469,118.16999816894531,231925900,NVDA,3.457285689626695,1,117.50399932861328,111.83399963378906,-1.0190122057247453,119.66000366210938,113.22000122070312,115.81800079345703
2024-09-18,113.36219024658203,113.37000274658203,117.69999694824219,113.22000122070312,115.88999938964844,310318900,NVDA,3.9568942582910536,2,116.7959991455078,112.55,-1.9205758816871588,121.80000305175781,113.22000122070312,116.8740020751953
2024-09-19,117.86187744140625,117.87000274658203,119.66000366210938,117.25,117.3499984741211,293506400,NVDA,2.0554402235474414,3,116.54199981689453,113.61600036621094,3.969303952526948,124.94000244140625,114.86000061035156,118.902001953125
2024-09-20,115.99200439453125,116.0,118.62000274658203,115.38999938964844,117.05999755859375,382462400,NVDA,2.799205627886809,4,115.92200012207032,114.93300018310546,-1.5864958878490043,127.66999816894531,114.86000061035156,120.13600158691406
2024-09-23,116.25199127197266,116.26000213623047,116.98999786376953,114.86000061035156,116.55000305175781,206228500,NVDA,1.8544290807064532,0,115.81800079345703,115.9120002746582,0.22413977261246387,127.66999816894531,114.86000061035156,121.21600189208985
2024-09-24,120.8616714477539,120.87000274658203,121.80000305175781,115.37999725341797,116.5199966430664,354966800,NVDA,5.564227726786204,1,116.8740020751953,117.18900070190429,3.965250753177929,127.66999816894531,115.37999725341797,122.252001953125
2024-09-25,123.50149536132812,123.51000213623047,124.94000244140625,121.61000061035156,122.0199966430664,284692900,NVDA,2.738263148048397,2,118.902001953125,117.8490005493164,2.1841642505655345,127.66999816894531,115.79000091552734,121.47800140380859
2024-09-26,124.03145599365234,124.04000091552734,127.66999816894531,121.80000305175781,126.80000305175781,302582900,NVDA,4.81937189664363,3,120.13600158691406,118.3390007019043,0.4291140556473172,127.66999816894531,115.13999938964844,120.54600067138672
2024-09-27,121.39163970947266,121.4000015258789,124.02999877929688,119.26000213623047,123.97000122070312,271009200,NVDA,3.99966171191046,4,121.21600189208985,118.56900100708008,-2.128345187167735,124.36000061035156,115.13999938964844,120.30800018310546
2024-09-30,121.43163299560547,121.44000244140625,121.5,118.1500015258789,118.30999755859375,226553700,NVDA,2.8353774277246444,0,122.252001953125,119.03500137329101,0.032949682886807,125.04000091552734,115.13999938964844,121.01199951171876
2024-10-01,116.99193572998047,117.0,122.44000244140625,115.79000091552734,121.7699966430664,302094500,NVDA,5.743156985317155,1,121.47800140380859,119.17600173950196,-3.6561284190919863,130.63999938964844,115.13999938964844,122.26799926757812
2024-10-02,118.84181213378906,118.8499984741211,119.37999725341797,115.13999938964844,116.44000244140625,221845900,NVDA,3.682471674696504,2,120.54600067138672,119.72400131225587,1.5811952770265814,133.47999572753906,115.13999938964844,125.44599914550781
2024-10-03,122.84153747558594,122.8499984741211,124.36000061035156,120.33999633789062,120.91999816894531,277118000,NVDA,3.3405388023891662,3,120.30800018310546,120.22200088500976,3.3655869174209263,134.52000427246094,120.33999633789062,128.20599822998048
2024-10-04,124.91139221191406,124.91999816894531,125.04000091552734,121.83000183105469,124.94000244140625,243678100,NVDA,2.6348182190164113,4,121.01199951171876,121.1140007019043,1.6849814574969368,135.0,121.83000183105469,130.597998046875
2024-10-07,127.7112045288086,127.72000122070312,130.63999938964844,124.94999694824219,124.98999786376953,346250200,NVDA,4.553823593739829,0,122.26799926757812,122.26000061035157,2.241436993915902,135.77999877929688,124.94999694824219,132.5739990234375
2024-10-08,132.88084411621094,132.88999938964844,133.47999572753906,129.4199981689453,130.25999450683594,285722500,NVDA,3.1370712533111114,1,125.44599914550781,123.46200027465821,4.047915846799466,139.60000610351562,129.4199981689453,134.6440002441406
2024-10-09,132.64085388183594,132.64999389648438,134.52000427246094,131.3800048828125,134.11000061035156,246191600,NVDA,2.3900131473196655,2,128.20599822998048,124.3759994506836,-0.18060463109819125,139.60000610351562,128.74000549316406,134.38600158691406
2024-10-10,134.8007049560547,134.80999755859375,135.0,131.0,131.91000366210938,242311300,NVDA,3.0534351145038165,3,130.597998046875,125.45299911499023,1.6283481051608373,139.60000610351562,128.74000549316406,135.0000030517578
2024-10-11,134.79071044921875,134.8000030517578,135.77999877929688,133.66000366210938,134.00999450683594,170209500,NVDA,1.586110324032923,4,132.5739990234375,126.79299926757812,-0.00741377272972521,140.88999938964844,128.74000549316406,135.42400207519532
2024-10-14,138.0605010986328,138.07000732421875,139.60000610351562,136.3000030517578,136.47000122070312,232347700,NVDA,2.4211320453930494,0,134.6440002441406,128.45599975585938,2.425819138301799,140.88999938964844,128.74000549316406,136.06400146484376
2024-10-15,131.5909423828125,131.60000610351562,138.57000732421875,128.74000549316406,137.8699951171875,377831000,NVDA,7.635545604801647,1,134.38600158691406,129.91600036621094,-4.6860294614964,143.7100067138672,128.74000549316406,137.19200134277344
2024-10-16,135.7106475830078,135.72000122070312,136.6199951171875,131.5800018310547,133.97999572753906,264879700,NVDA,3.8303642012439196,2,135.0000030517578,131.60300064086914,3.1306952326026094,144.4199981689453,131.5800018310547,139.58999938964843
2024-10-17,136.92056274414062,136.92999267578125,140.88999938964844,136.8699951171875,139.33999633789062,306435900,NVDA,2.937096818787074,3,135.42400207519532,133.01100006103516,0.8915351047709352,144.4199981689453,136.8699951171875,140.35799865722657
2024-10-18,137.99049377441406,138.0,138.89999389648438,137.27999877929688,138.6699981689453,176090200,NVDA,1.1800663837358736,4,136.06400146484376,134.31900024414062,0.7814265547740673,144.4199981689453,137.27999877929688,141.0540008544922
2024-10-21,143.70010375976562,143.7100067138672,143.7100067138672,138.0,138.1300048828125,264554500,NVDA,4.13768602454144,0,137.19200134277344,135.91800079345703,4.1376860245414315,144.4199981689453,137.4600067138672,141.76199951171876
2024-10-22,143.58010864257812,143.58999633789062,144.4199981689453,141.77999877929688,142.91000366210938,226311600,NVDA,1.862039365480611,1,139.58999938964843,136.98800048828124,-0.08350871224681589,144.4199981689453,137.4600067138672,141.1239990234375
2024-10-23,139.55038452148438,139.55999755859375,142.42999267578125,137.4600067138672,142.02999877929688,285930000,NVDA,3.6155868755771583,2,140.35799865722657,137.6790008544922,-2.8066013525159694,144.1300048828125,137.4600067138672,140.65599975585937
2024-10-24,140.40032958984375,140.41000366210938,141.35000610351562,138.4600067138672,140.82000732421875,172354900,NVDA,2.0872448718139456,3,141.0540008544922,138.23900146484374,0.6090614204537825,144.1300048828125,136.80999755859375,140.61199951171875
2024-10-25,141.53024291992188,141.5399932861328,144.1300048828125,140.8000030517578,140.92999267578125,205122100,NVDA,2.365058067385542,4,141.76199951171876,138.91300048828126,0.8047785731440493,144.1300048828125,132.11000061035156,139.08199768066407
2024-10-28,140.51031494140625,140.52000427246094,143.13999938964844,140.0500030517578,143.0,173586700,NVDA,2.2063522103235265,0,141.1239990234375,139.15800018310546,-0.7206366130100728,143.13999938964844,132.11000061035156,137.85399780273437
2024-10-29,141.24026489257812,141.25,142.25999450683594,138.89999389648438,140.2899932861328,157593600,NVDA,2.4190070251951292,1,140.65599975585937,140.1229995727539,0.5194959474407845,142.25999450683594,132.11000061035156,136.95999755859376
2024-10-30,139.3303985595703,139.33999633789062,140.3300018310547,136.80999755859375,139.5399932861328,179418100,NVDA,2.5729145057205125,2,140.61199951171875,140.48499908447266,-1.3522149820243357,140.3699951171875,132.11000061035156,136.69199829101564
2024-10-31,132.7508544921875,132.75999450683594,137.61000061035156,132.11000061035156,137.60000610351562,270039600,NVDA,4.163197316319628,3,139.08199768066407,140.06799926757813,-4.722263530923742,146.49000549316406,132.11000061035156,137.9459991455078
2024-11-01,135.3906707763672,135.39999389648438,137.30999755859375,134.57000732421875,134.6999969482422,207127800,NVDA,2.0361076653385006,4,137.85399780273437,139.80799865722656,1.9885503908427138,148.92999267578125,134.57000732421875,141.1700012207031
2024-11-04,136.04063415527344,136.0500030517578,138.9600067138672,135.57000732421875,137.2100067138672,187528200,NVDA,2.500552634434235,0,136.95999755859376,139.04199829101563,0.4800658674847469,149.77000427246094,135.57000732421875,143.61600341796876
2024-11-05,139.90036010742188,139.91000366210938,140.3699951171875,137.3300018310547,137.4499969482422,160537400,NVDA,2.213641043908712,1,136.69199829101564,138.6739990234375,2.837192593728277,149.77000427246094,137.3300018310547,145.45800170898437
2024-11-06,145.59996032714844,145.61000061035156,146.49000549316406,141.9600067138672,142.9600067138672,242043900,NVDA,3.191038718691726,2,137.9459991455078,139.27899932861328,4.074045314163532,149.77000427246094,141.9600067138672,147.13399963378907
2024-11-07,148.8697509765625,148.8800048828125,148.92999267578125,146.1699981689453,146.38999938964844,207323300,NVDA,1.8882086210645619,3,141.1700012207031,140.1259994506836,2.245727806300457,149.77000427246094,143.57000732421875,147.26600036621093
2024-11-08,147.6198272705078,147.6300048828125,149.77000427246094,146.25999450683594,148.77000427246094,175665800,NVDA,2.3998426756818647,4,143.61600341796876,140.73500061035156,-0.8396023367838512,149.77000427246094,143.57000732421875,146.8419982910156
2024-11-11,145.24998474121094,145.25999450683594,148.85000610351562,143.57000732421875,148.67999267578125,182325600,NVDA,3.6776474959517502,0,145.45800170898437,141.20899963378906,-1.6053717385282607,149.64999389648438,140.0800018310547,145.71199645996094
2024-11-12,148.27976989746094,148.2899932861328,149.64999389648438,146.00999450683594,146.77999877929688,198634700,NVDA,2.492979608651392,1,147.13399963378907,141.91299896240236,2.0859141497174383,149.64999389648438,137.14999389648438,144.68999633789062
2024-11-13,146.25991821289062,146.27000427246094,149.3300018310547,145.89999389648438,149.07000732421875,191903300,NVDA,2.350930828005307,2,147.26600036621093,142.6059997558594,-1.3621883506152788,149.3300018310547,137.14999389648438,144.43399658203126
2024-11-14,146.7498779296875,146.75999450683594,149.0,145.5500030517578,147.63999938964844,194463300,NVDA,2.370317331436512,3,146.8419982910156,144.00599975585936,0.3349902372753677,149.0,137.14999389648438,144.35799560546874
2024-11-15,141.97021484375,141.97999572753906,145.24000549316406,140.0800018310547,144.8699951171875,250132900,NVDA,3.683611932224747,4,145.71199645996094,144.66399993896485,-3.2570175512470656,152.88999938964844,137.14999389648438,144.33999633789062
2024-11-18,140.1403350830078,140.14999389648438,141.5500030517578,137.14999389648438,139.5,221866000,NVDA,3.2081730594858047,0,144.68999633789062,145.0739990234375,-1.2889152599824594,152.88999938964844,137.14999389648438,144.33399658203126
2024-11-19,146.99986267089844,147.00999450683594,147.1300048828125,140.99000549316406,141.32000732421875,227834900,NVDA,4.3549181859888195,1,144.43399658203126,145.78399810791015,4.894756267644507,152.88999938964844,135.82000732421875,143.50799865722655
2024-11-20,145.87994384765625,145.88999938964844,147.55999755859375,142.72999572753906,147.41000366210938,309871700,NVDA,3.3840131546523695,2,144.35799560546874,145.81199798583984,-0.7618496422264864,152.88999938964844,135.6699981689453,141.48999938964843
2024-11-21,146.65989685058594,146.6699981689453,152.88999938964844,140.6999969482422,149.35000610351562,400946600,NVDA,8.66382566155311,3,144.33999633789062,145.59099731445312,0.5346485588869188,152.88999938964844,131.8000030517578,139.37999877929687
2024-11-22,141.94021606445312,141.9499969482422,147.16000366210938,141.10000610351562,145.92999267578125,236406200,NVDA,4.294824448234209,4,144.33399658203126,145.0229965209961,-3.2181095518023284,147.16000366210938,131.8000030517578,137.6959991455078
