Price,Adj Close,Close,High,Low,Open,Volume,Ticker,5-Day MA,10-Day MA,Daily Return (%)
2023-10-19,81.14048767089844,90.3270034790039,90.3270034790039,87.18000030517578,87.95999908447266,500,NVDQ,,,
2023-10-20,84.21266174316406,93.74700164794922,93.98999786376953,89.35800170898438,91.48500061035156,1633,NVDQ,,,3.786241142982538
2023-10-23,77.57783508300781,86.36100006103516,94.7699966430664,85.37999725341797,94.5,7433,NVDQ,,,-7.878653671133851
2023-10-24,75.00691223144531,83.4990005493164,87.0,83.4990005493164,87.0,1233,NVDQ,,,-3.313995333189801
2023-10-25,81.533935546875,90.76499938964844,91.35900115966797,84.36000061035156,84.36000061035156,967,NVDQ,88.93980102539062,,8.701899175476434
2023-10-26,87.17704010009766,97.0469970703125,97.94999694824219,88.88999938964844,90.72000122070312,6100,NVDQ,90.28379974365234,,6.921167545758289
2023-10-27,86.65692901611328,96.46800231933594,97.86000061035156,93.33000183105469,93.33000183105469,1900,NVDQ,90.82799987792968,,-0.5966127427488255
2023-10-30,83.48773956298828,92.94000244140625,95.45999908447266,91.05000305175781,92.87999725341797,1733,NVDQ,92.1438003540039,,-3.657171075494059
2023-10-31,85.28253936767578,94.93800354003906,101.61000061035156,94.58999633789062,96.9000015258789,12667,NVDQ,94.43160095214844,,2.1497751733893455
2023-11-01,78.76628112792969,87.68399810791016,93.75,87.68399810791016,93.75,5633,NVDQ,93.81540069580078,91.3776008605957,-7.640781522301143
2023-11-02,74.4571533203125,82.88700103759766,85.6500015258789,82.16999816894531,83.94000244140625,6433,NVDQ,90.98340148925782,90.63360061645508,-5.470778219315431
2023-11-03,69.5281982421875,77.4000015258789,81.4800033569336,76.47000122070312,81.4800033569336,5433,NVDQ,87.1698013305664,88.99890060424805,-6.619855276498465
2023-11-06,67.25370788574219,74.86799621582031,76.5,74.5199966430664,74.5199966430664,3667,NVDQ,83.55540008544922,87.84960021972657,-3.271324625506644
2023-11-07,66.61502075195312,74.15699768066406,75.33000183105469,73.47000122070312,75.20999908447266,3800,NVDQ,79.39919891357422,86.91539993286133,-0.949669513134388
2023-11-08,64.86872863769531,72.21299743652344,73.16999816894531,71.36100006103516,73.1520004272461,2000,NVDQ,76.30499877929688,85.06019973754883,-2.621465680840951
2023-11-09,63.78268814086914,71.00399780273438,71.48999786376953,67.677001953125,68.55599975585938,8300,NVDQ,73.92839813232422,82.45589981079101,-1.6742133365282297
2023-11-10,59.98828125,66.77999877929688,69.75,66.6240005493164,69.56999969482422,5900,NVDQ,71.80439758300781,79.4870994567871,-5.94895943066861
2023-11-13,59.36845397949219,66.08999633789062,67.2300033569336,64.7699966430664,67.0199966430664,6267,NVDQ,70.04879760742188,76.80209884643554,-1.033247160855244
2023-11-14,56.79214096069336,63.22200012207031,64.73999786376953,63.18000030517578,63.93000030517578,7867,NVDQ,67.86179809570312,73.63049850463867,-4.3395315096666724
2023-11-15,58.767494201660156,65.4209976196289,66.5999984741211,62.92499923706055,63.4109992980957,12800,NVDQ,66.50339813232422,71.40419845581054,3.478215642201654
2023-11-16,57.266441345214844,63.75,66.01499938964844,63.630001068115234,65.59200286865234,4733,NVDQ,65.05259857177734,69.49049835205078,-2.554222161735331
2023-11-17,57.622169494628906,64.14600372314453,64.47000122070312,63.209999084472656,63.93000030517578,2633,NVDQ,64.52579956054687,68.16509857177735,0.6211823108149606
2023-11-20,55.075496673583984,61.31100082397461,64.62000274658203,60.93000030517578,63.209999084472656,8133,NVDQ,63.57000045776367,66.80939903259278,-4.419609538586144
2023-11-21,56.026790618896484,62.369998931884766,63.599998474121094,61.5,61.5,9733,NVDQ,63.399600219726565,65.63069915771484,1.7272562732266739
2023-11-22,58.64352798461914,65.28299713134766,67.75199890136719,61.5629997253418,62.81999969482422,20933,NVDQ,63.37200012207031,64.93769912719726,4.670511863635296
2023-11-24,60.664695739746094,67.53299713134766,67.58999633789062,65.0999984741211,65.0999984741211,4900,NVDQ,64.12859954833985,64.5905990600586,3.4465329394621103
2023-11-27,59.958641052246094,66.74700164794922,68.30999755859375,66.24299621582031,68.12999725341797,2900,NVDQ,64.64879913330078,64.58729934692383,-1.163868800121104
2023-11-28,61.16864776611328,68.09400177001953,68.76000213623047,67.11000061035156,67.38300323486328,9000,NVDQ,66.00539932250976,64.78769989013672,2.0180683608455263
2023-11-29,60.19039535522461,67.00499725341797,67.44000244140625,65.25,66.62999725341797,1367,NVDQ,66.93239898681641,65.16599960327149,-1.599266438003688
2023-11-30,63.61830139160156,70.82099914550781,71.58000183105469,67.73699951171875,67.73699951171875,4567,NVDQ,68.03999938964844,65.70599975585938,5.6951004380426
2023-12-01,63.674896240234375,70.88400268554688,72.56999969482422,69.56999969482422,72.56999969482422,3133,NVDQ,68.71020050048828,66.41940002441406,0.08896166504177572
2023-12-04,67.12974548339844,74.7300033569336,76.11000061035156,73.2300033569336,73.2300033569336,10933,NVDQ,70.30680084228516,67.47779998779296,5.425766781890418
2023-12-05,64.13302612304688,71.39399719238281,74.43000030517578,71.27999877929688,74.4000015258789,9367,NVDQ,70.96679992675782,68.4860996246338,-4.4640787029233575
2023-12-06,67.18363952636719,74.79000091552734,74.79000091552734,68.76000213623047,69.26399993896484,7467,NVDQ,72.52380065917968,69.72809982299805,4.756707645873148
2023-12-07,63.73418045043945,70.94999694824219,74.61000061035156,70.94999694824219,74.61000061035156,8233,NVDQ,72.54960021972656,70.2947998046875,-5.134381495224616
2023-12-08,61.25757598876953,68.19300079345703,68.91000366210938,67.6500015258789,68.8499984741211,4800,NVDQ,72.01139984130859,70.36080017089844,-3.8858298426656446
2023-12-11,63.66142272949219,70.86900329589844,72.77999877929688,67.9800033569336,67.9800033569336,4767,NVDQ,71.23919982910157,70.77300033569335,3.924160062330273
2023-12-12,60.893768310546875,67.78800201416016,71.4000015258789,67.78800201416016,71.4000015258789,3367,NVDQ,70.51800079345703,70.74240036010742,-4.3474595922764925
2023-12-13,59.86970901489258,66.64800262451172,66.64800262451172,65.01899719238281,65.0999984741211,4067,NVDQ,68.88960113525391,70.70670089721679,-1.6817126272733351
2023-12-14,59.18251419067383,65.88300323486328,67.94999694824219,65.6729965209961,65.76000213623047,4400,NVDQ,67.87620239257812,70.21290130615235,-1.1478204290057525
2023-12-15,57.61677932739258,64.13999938964844,65.27999877929688,63.150001525878906,65.27999877929688,2767,NVDQ,67.0656021118164,69.5385009765625,-2.645604722968209
2023-12-18,54.673954010009766,60.86399841308594,62.130001068115234,60.27000045776367,61.862998962402344,14133,NVDQ,65.06460113525391,68.15190048217774,-5.10757874608152
2023-12-19,56.053741455078125,62.400001525878906,63.959999084472656,62.34000015258789,62.70000076293945,1167,NVDQ,63.98700103759766,67.25250091552735,2.5236644861352353
2023-12-20,59.080101013183594,65.76899719238281,65.91000366210938,61.5,62.25,3033,NVDQ,63.81119995117187,66.35040054321288,5.3990313848096605
2023-12-21,57.28799819946289,63.77399826049805,64.91699981689453,63.77399826049805,63.779998779296875,2567,NVDQ,63.38939895629883,65.63280067443847,-3.0333424820955357
2023-12-22,57.605995178222656,64.12799835205078,65.0999984741211,63.18000030517578,63.24300003051758,2933,NVDQ,63.3869987487793,65.22630043029785,0.5550853031148328
2023-12-26,56.691001892089844,56.691001892089844,56.691001892089844,55.77000045776367,56.547000885009766,7233,NVDQ,62.552399444580075,63.80850028991699,-11.597113041222972
2023-12-27,56.400001525878906,56.400001525878906,57.09000015258789,56.310001373291016,56.43000030517578,3167,NVDQ,61.35239944458008,62.66970024108887,-0.5133096196903497
2023-12-28,56.220001220703125,56.220001220703125,56.40599822998047,55.349998474121094,56.367000579833984,8367,NVDQ,59.44260025024414,61.626900100708006,-0.31914946862756643
2023-12-29,56.229000091552734,56.229000091552734,57.84000015258789,55.2599983215332,55.439998626708984,4733,NVDQ,57.93360061645508,60.66149978637695,0.016006529089684918
2024-01-02,59.547000885009766,59.547000885009766,60.42300033569336,56.66999816894531,56.66999816894531,4067,NVDQ,57.017401123046874,60.202199935913086,5.900871059514889
2024-01-03,60.72600173950195,60.72600173950195,61.08000183105469,59.310001373291016,60.47700119018555,4767,NVDQ,57.8244010925293,60.18840026855469,1.9799500175817997
2024-01-04,59.696998596191406,59.696998596191406,60.029998779296875,58.55099868774414,59.7599983215332,2233,NVDQ,58.4838005065918,59.91809997558594,-1.694501718925434
2024-01-05,57.07500076293945,57.07500076293945,58.619998931884766,56.06999969482422,58.61399841308594,3833,NVDQ,58.65480041503906,59.0487003326416,-4.392176985291907
2024-01-08,49.82699966430664,49.82699966430664,56.040000915527344,49.82699966430664,56.040000915527344,12467,NVDQ,57.37440032958985,57.654000473022464,-12.69908191282787
2024-01-09,48.069000244140625,48.069000244140625,50.52000045776367,45.90299987792969,49.470001220703125,17633,NVDQ,55.078800201416016,56.04810066223145,-3.52820645836589
2024-01-10,45.869998931884766,45.869998931884766,47.189998626708984,45.56999969482422,47.189998626708984,12233,NVDQ,52.10759963989258,54.966000366210935,-4.574676612967221
2024-01-11,45.150001525878906,45.150001525878906,47.040000915527344,44.34299850463867,44.849998474121094,32700,NVDQ,49.19820022583008,53.841000366210935,-1.5696477496653705
2024-01-12,45.24300003051758,45.24300003051758,45.869998931884766,44.939998626708984,45.6870002746582,20433,NVDQ,46.831800079345705,52.74330024719238,0.2059767474988261
2024-01-16,42.630001068115234,42.630001068115234,44.90999984741211,41.91299819946289,44.90999984741211,41833,NVDQ,45.39240036010742,51.38340034484863,-5.775476782352651
2024-01-17,43.08000183105469,43.08000183105469,44.744998931884766,42.630001068115234,42.630001068115234,9600,NVDQ,44.39460067749023,49.736700439453124,1.0555964148826424
2024-01-18,41.507999420166016,41.507999420166016,42.79499816894531,40.77000045776367,41.34000015258789,23433,NVDQ,43.52220077514649,47.81490020751953,-3.6490305108470955
2024-01-19,37.95600128173828,37.95600128173828,41.040000915527344,37.95600128173828,40.31999969482422,42467,NVDQ,42.08340072631836,45.64080047607422,-8.557382162586357
2024-01-22,37.7400016784668,37.7400016784668,38.279998779296875,37.02000045776367,37.349998474121094,24833,NVDQ,40.582801055908206,43.70730056762695,-0.5690789229038429
2024-01-23,37.46099853515625,37.46099853515625,39.0,37.46099853515625,39.0,5533,NVDQ,39.5490005493164,42.47070045471192,-0.7392769764229645
2024-01-24,35.54999923706055,35.54999923706055,37.349998474121094,33.867000579833984,37.349998474121094,29333,NVDQ,38.043000030517575,41.2188003540039,-5.101303683355574
2024-01-25,35.39400100708008,35.39400100708008,36.150001525878906,34.22999954223633,34.619998931884766,15067,NVDQ,36.82020034790039,40.171200561523435,-0.4388135958603434
2024-01-26,35.970001220703125,35.970001220703125,36.534000396728516,35.34000015258789,36.18000030517578,40533,NVDQ,36.42300033569336,39.25320053100586,1.6273950308918872
2024-01-29,34.41899871826172,34.41899871826172,36.060001373291016,34.41899871826172,35.81999969482422,42300,NVDQ,35.75879974365235,38.170800399780276,-4.311933416195446
2024-01-30,34.08000183105469,34.08000183105469,34.5,33.2400016784668,33.869998931884766,65433,NVDQ,35.08260040283203,37.315800476074216,-0.9849121120050763
2024-01-31,35.37300109863281,35.37300109863281,36.18000030517578,34.709999084472656,35.459999084472656,57600,NVDQ,35.047200775146486,36.545100402832034,3.7940117315366617
2024-02-01,33.75,33.75,35.34000015258789,33.599998474121094,34.650001525878906,49700,NVDQ,34.71840057373047,35.76930046081543,-4.588248235164705
2024-02-02,30.329999923706055,30.329999923706055,32.81999969482422,29.969999313354492,32.70000076293945,44000,NVDQ,33.590400314331056,35.006700325012204,-10.133333559389468
2024-02-05,27.510000228881836,27.510000228881836,29.34000015258789,27.389999389648438,28.5,251800,NVDQ,32.20860061645508,33.98370018005371,-9.297724041931488
2024-02-06,28.292999267578125,28.292999267578125,29.808000564575195,27.1200008392334,27.239999771118164,433633,NVDQ,31.051200103759765,33.0669002532959,2.8462342136742036
2024-02-07,26.760000228881836,26.760000228881836,28.770000457763672,26.684999465942383,28.350000381469727,136800,NVDQ,29.32859992980957,32.187900352478025,-5.418298089213192
2024-02-08,27.09000015258789,27.09000015258789,27.209999084472656,26.34000015258789,26.850000381469727,124000,NVDQ,27.99659996032715,31.357500267028808,1.2331835608502262
2024-02-09,25.170000076293945,25.170000076293945,26.670000076293945,25.139999389648438,26.489999771118164,141367,NVDQ,26.964599990844725,30.27750015258789,-7.0874863989638275
2024-02-12,25.139999389648438,25.139999389648438,25.829999923706055,23.520000457763672,24.899999618530273,377267,NVDQ,26.490599822998046,29.34960021972656,-0.11919223899312659
2024-02-13,25.139999389648438,25.139999389648438,26.969999313354492,24.329999923706055,26.459999084472656,560533,NVDQ,25.85999984741211,28.455599975585937,0.0
2024-02-14,23.969999313354492,23.969999313354492,25.31999969482422,23.760000228881836,24.420000076293945,231567,NVDQ,25.301999664306642,27.315299797058106,-4.653938363959154
2024-02-15,24.795000076293945,24.795000076293945,24.959999084472656,23.969999313354492,24.030000686645508,232933,NVDQ,24.84299964904785,26.4197998046875,3.4418055343031106
2024-02-16,24.780000686645508,24.780000686645508,24.93000030517578,23.613000869750977,23.81999969482422,434800,NVDQ,24.764999771118163,25.864799880981444,-0.060493605978162446
2024-02-20,26.399999618530273,26.399999618530273,28.110000610351562,25.3799991607666,25.40999984741211,1010067,NVDQ,25.016999816894533,25.753799819946288,6.53752577479878
2024-02-21,28.59000015258789,28.59000015258789,29.520000457763672,27.452999114990234,28.200000762939453,1137500,NVDQ,25.70699996948242,25.783499908447265,8.295456688266189
2024-02-22,19.200000762939453,19.200000762939453,22.829999923706055,19.200000762939453,22.139999389648438,959100,NVDQ,24.753000259399414,25.027499961853028,-32.84364931630992
2024-02-23,18.989999771118164,18.989999771118164,19.68000030517578,17.309999465942383,18.1200008392334,1364633,NVDQ,23.592000198364257,24.217499923706054,-1.0937551222739539
2024-02-26,18.8700008392334,18.8700008392334,19.229999542236328,18.209999084472656,18.719999313354492,1200300,NVDQ,22.410000228881835,23.5875,-0.6319059153822248
2024-02-27,19.079999923706055,19.079999923706055,19.829999923706055,18.76799964904785,18.809999465942383,1327800,NVDQ,20.94600028991699,22.98150005340576,1.1128726822101642
2024-02-28,19.6200008392334,19.6200008392334,19.860000610351562,19.03499984741211,19.68000030517578,710700,NVDQ,19.152000427246094,22.42950019836426,2.830193488923527
2024-02-29,18.93000030517578,18.93000030517578,19.290000915527344,18.46500015258789,18.899999618530273,614567,NVDQ,19.09800033569336,21.925500297546385,-3.5168221434417446
2024-03-01,17.459999084472656,17.459999084472656,18.719999313354492,17.43000030517578,18.479999542236328,430967,NVDQ,18.792000198364256,21.19200019836426,-7.765457987347213
2024-03-04,16.260000228881836,16.260000228881836,16.799999237060547,15.239999771118164,16.68000030517578,526867,NVDQ,18.270000076293947,20.34000015258789,-6.8728460395968245
2024-03-05,15.930000305175781,15.930000305175781,16.889999389648438,15.899999618530273,16.200000762939453,504167,NVDQ,17.64000015258789,19.29300022125244,-2.029519797422219
2024-03-06,14.880000114440918,14.880000114440918,15.510000228881836,14.53499984741211,15.180000305175781,559867,NVDQ,16.692000007629396,17.922000217437745,-6.591338170870653
2024-03-07,13.59000015258789,13.59000015258789,14.579999923706055,13.5600004196167,14.399999618530273,694067,NVDQ,15.623999977111817,17.36100015640259,-8.66935451567028
2024-03-08,15.0600004196167,15.0600004196167,15.375,12.210000038146973,12.869999885559082,2730867,NVDQ,15.144000244140624,16.968000221252442,10.816778885384215
2024-03-11,15.675000190734863,15.675000190734863,16.229999542236328,14.670000076293945,15.569999694824219,2039367,NVDQ,15.027000236511231,16.648500156402587,4.083663705062612
2024-03-12,13.454999923706055,13.454999923706055,15.539999961853027,13.4399995803833,14.850000381469727,1340733,NVDQ,14.532000160217285,16.086000156402587,-14.162680957037566
2024-03-13,13.739999771118164,13.739999771118164,14.460000038146973,13.59000015258789,13.680000305175781,928033,NVDQ,14.304000091552734,15.498000049591065,2.1181705613388724
2024-03-14,14.609999656677246,14.609999656677246,15.074999809265137,13.845000267028809,14.15999984741211,1052900,NVDQ,14.507999992370605,15.065999984741211,6.331877001831132
2024-03-15,14.6850004196167,14.6850004196167,15.225000381469727,14.130000114440918,15.0,814700,NVDQ,14.432999992370606,14.788500118255616,0.5133522566865834
2024-03-18,14.520000457763672,14.520000457763672,14.9399995803833,13.194000244140625,13.920000076293945,994533,NVDQ,14.202000045776368,14.614500141143798,-1.1235952137435112
2024-03-19,14.220000267028809,14.220000267028809,15.630000114440918,13.829999923706055,15.09000015258789,1168900,NVDQ,14.355000114440918,14.443500137329101,-2.066116950943042
2024-03-20,13.890000343322754,13.890000343322754,14.5649995803833,13.859999656677246,14.069999694824219,768100,NVDQ,14.385000228881836,14.344500160217285,-2.32067452538105
2024-03-21,13.5600004196167,13.5600004196167,13.859999656677246,13.170000076293945,13.289999961853027,1803900,NVDQ,14.175000381469726,14.341500186920166,-2.3758093272092218
2024-03-22,12.75,12.75,13.710000038146973,12.585000038146973,13.680000305175781,1246367,NVDQ,13.788000297546386,14.110500144958497,-5.973454237102416
2024-03-25,12.524999618530273,12.524999618530273,12.930000305175781,12.086999893188477,12.779999732971191,1375233,NVDQ,13.389000129699706,13.795500087738038,-1.7647088742723693
2024-03-26,13.170000076293945,13.170000076293945,13.170000076293945,12.164999961853027,12.300000190734863,1304500,NVDQ,13.179000091552734,13.767000102996827,5.149704410445
2024-03-27,13.829999923706055,13.829999923706055,14.130000114440918,12.989999771118164,13.050000190734863,1478333,NVDQ,13.167000007629394,13.776000118255615,5.011388334007005
2024-03-28,13.859999656677246,13.859999656677246,14.15999984741211,13.529999732971191,13.9350004196167,885067,NVDQ,13.226999855041504,13.701000118255616,0.21691781009895994
2024-04-01,13.859999656677246,13.859999656677246,14.15999984741211,13.260000228881836,13.829999923706055,833800,NVDQ,13.448999786376953,13.61850004196167,0.0
2024-04-02,14.100000381469727,14.100000381469727,14.654999732971191,13.890000343322754,14.430000305175781,905133,NVDQ,13.763999938964844,13.576500034332275,1.731607003877933
2024-04-03,14.25,14.25,14.430000305175781,13.800000190734863,14.430000305175781,646900,NVDQ,13.979999923706055,13.579500007629395,1.0638270529935934
2024-04-04,15.270000457763672,15.270000457763672,15.270000457763672,13.710000038146973,13.770000457763672,1163333,NVDQ,14.268000030517578,13.717500019073487,7.15789794921875
2024-04-05,14.505000114440918,14.505000114440918,15.210000038146973,14.354999542236328,14.880000114440918,980467,NVDQ,14.397000122070313,13.811999988555907,-5.00982528087488
2024-04-08,14.805000305175781,14.805000305175781,14.9399995803833,14.25,14.279999732971191,691633,NVDQ,14.58600025177002,14.017500019073486,2.068253625425265
2024-04-09,15.404999732971191,15.404999732971191,16.200000762939453,14.609999656677246,14.670000076293945,1490300,NVDQ,14.847000122070312,14.305500030517578,4.052680955269228
2024-04-10,14.805000305175781,14.805000305175781,15.989999771118164,14.670000076293945,15.960000038146973,1645900,NVDQ,14.958000183105469,14.469000053405761,-3.8948356909817794
2024-04-11,13.59000015258789,13.59000015258789,14.819999694824219,13.529999732971191,14.640000343322754,1229667,NVDQ,14.622000122070313,14.445000076293946,-8.206687791577627
2024-04-12,14.295000076293945,14.295000076293945,14.517000198364258,13.739999771118164,13.859999656677246,1237133,NVDQ,14.580000114440917,14.488500118255615,5.187637349450691
2024-04-15,15.029999732971191,15.029999732971191,15.029999732971191,13.529999732971191,14.010000228881836,1202467,NVDQ,14.625,14.60550012588501,5.141655493210728
2024-04-16,14.550000190734863,14.550000190734863,15.0,14.279999732971191,14.880000114440918,1175267,NVDQ,14.454000091552734,14.650500106811524,-3.1936097855235324
2024-04-17,15.630000114440918,15.630000114440918,15.65999984741211,14.100000381469727,14.25,1160300,NVDQ,14.619000053405761,14.788500118255616,7.422679790710762
2024-04-18,15.449999809265137,15.449999809265137,16.229999542236328,14.880000114440918,15.359999656677246,1036400,NVDQ,14.990999984741212,14.806500053405761,-1.1516334219951463
2024-04-19,18.510000228881836,18.510000228881836,18.75,15.539999961853027,16.079999923706055,2788067,NVDQ,15.83400001525879,15.207000064849854,19.80582820319301
2024-04-22,16.920000076293945,16.920000076293945,18.450000762939453,16.68000030517578,17.639999389648438,1987733,NVDQ,16.21200008392334,15.41850004196167,-8.589952095770126
2024-04-23,15.630000114440918,15.630000114440918,16.59600067138672,15.510000228881836,16.40999984741211,1242100,NVDQ,16.428000068664552,15.441000080108642,-7.624113215344508
2024-04-24,16.739999771118164,16.739999771118164,16.889999389648438,15.029999732971191,15.0600004196167,1936800,NVDQ,16.65,15.63450002670288,7.101725198656217
2024-04-25,15.510000228881836,15.510000228881836,17.34000015258789,15.210000038146973,17.100000381469727,2861267,NVDQ,16.66200008392334,15.826500034332275,-7.347667616808873
2024-04-26,13.529999732971191,13.529999732971191,15.210000038146973,13.380000114440918,15.0600004196167,1981700,NVDQ,15.66599998474121,15.75,-12.7659604557813
2024-04-29,13.59000015258789,13.59000015258789,14.34000015258789,13.52400016784668,13.619999885559082,1332000,NVDQ,15.0,15.60600004196167,0.44346209017642746
2024-04-30,13.994999885559082,13.994999885559082,14.010000228881836,13.260000228881836,13.739999771118164,1813900,NVDQ,14.672999954223632,15.550500011444091,2.980130451978469
2024-05-01,15.104999542236328,15.104999542236328,15.65999984741211,14.15999984741211,14.399999618530273,4044167,NVDQ,14.345999908447265,15.497999954223634,7.931401684558881
2024-05-02,14.100000381469727,14.100000381469727,15.029999732971191,13.949999809265137,14.595000267028809,1469933,NVDQ,14.063999938964844,15.363000011444091,-6.653420663512377
2024-05-03,13.109999656677246,13.109999656677246,13.649999618530273,12.960000038146973,13.4399995803833,1963700,NVDQ,13.979999923706055,14.822999954223633,-7.021281546158987
2024-05-06,12.135000228881836,12.135000228881836,13.020000457763672,12.116999626159668,12.960000038146973,1550200,NVDQ,13.688999938964844,14.344499969482422,-7.437066768333733
2024-05-07,12.555000305175781,12.555000305175781,12.960000038146973,12.239999771118164,12.449999809265137,2288200,NVDQ,13.401000022888184,14.036999988555909,3.4610636042208487
2024-05-08,12.600000381469727,12.600000381469727,12.854999542236328,12.359999656677246,12.8100004196167,1541867,NVDQ,12.900000190734863,13.623000049591065,0.35842353803363647
2024-05-09,13.079999923706055,13.079999923706055,13.199999809265137,12.420000076293945,12.539999961853027,1810233,NVDQ,12.696000099182129,13.380000019073487,3.809520061144145
2024-05-10,12.720000267028809,12.720000267028809,12.930000305175781,12.270000457763672,12.600000381469727,1651267,NVDQ,12.61800022125244,13.299000072479249,-2.752290969243709
2024-05-13,12.569999694824219,12.569999694824219,13.109999656677246,12.413999557495117,12.555000305175781,1832033,NVDQ,12.705000114440917,13.19700002670288,-1.17924975672683
2024-05-14,12.359999656677246,12.359999656677246,12.989999771118164,12.239999771118164,12.8100004196167,1482133,NVDQ,12.66599998474121,13.033500003814698,-1.6706447354445153
2024-05-15,11.430000305175781,11.430000305175781,12.239999771118164,11.369999885559082,12.015000343322754,2122833,NVDQ,12.431999969482423,12.666000080108642,-7.524266806909264
2024-05-16,11.489999771118164,11.489999771118164,11.5649995803833,11.15999984741211,11.385000228881836,1403367,NVDQ,12.113999938964843,12.405000019073487,0.5249296967666295
2024-05-17,11.970000267028809,11.970000267028809,12.135000228881836,11.444999694824219,11.520000457763672,1236667,NVDQ,11.963999938964843,12.291000080108642,4.177550091142712
2024-05-20,11.385000228881836,11.385000228881836,11.729999542236328,11.279999732971191,11.670000076293945,1203767,NVDQ,11.727000045776368,12.216000080108643,-4.887218254776037
2024-05-21,11.25,11.25,11.769000053405762,11.25,11.670000076293945,1132933,NVDQ,11.505000114440918,12.085500049591065,-1.185772737530233
2024-05-22,11.354999542236328,11.354999542236328,11.736000061035156,11.100000381469727,11.220000267028809,2932167,NVDQ,11.489999961853027,11.960999965667725,0.9333292643229241
2024-05-23,9.255000114440918,9.255000114440918,9.75,8.670000076293945,9.6899995803833,5577767,NVDQ,11.043000030517579,11.57849998474121,-18.494051188502493
2024-05-24,8.760000228881836,8.760000228881836,9.390000343322754,8.760000228881836,9.119999885559082,2392667,NVDQ,10.401000022888184,11.182499980926513,-5.348458989068138
2024-05-28,7.46999979019165,7.46999979019165,8.220000267028809,7.409999847412109,8.130000114440918,4364900,NVDQ,9.617999935150147,10.672499990463256,-14.726032020376401
2024-05-29,7.409999847412109,7.409999847412109,7.920000076293945,7.320000171661377,7.679999828338623,3801500,NVDQ,8.849999904632568,10.177500009536743,-0.8032121079618038
2024-05-30,7.965000152587891,7.965000152587891,8.069999694824219,7.289999961853027,7.425000190734863,4333400,NVDQ,8.17200002670288,9.830999994277954,7.4898828151745755
2024-05-31,8.069999694824219,8.069999694824219,8.475000381469727,7.650000095367432,7.679999828338623,5896300,NVDQ,7.934999942779541,9.48899998664856,1.3182616475181375
2024-06-03,7.320000171661377,7.320000171661377,7.679999828338623,7.289999961853027,7.5,3690133,NVDQ,7.646999931335449,9.023999977111817,-9.293674740085333
2024-06-04,7.125,7.125,7.440000057220459,7.110000133514404,7.260000228881836,3354833,NVDQ,7.5779999732971195,8.597999954223633,-2.6639367088582833
2024-06-05,6.420000076293945,6.420000076293945,6.989999771118164,6.389999866485596,6.885000228881836,4483567,NVDQ,7.380000019073487,8.114999961853027,-9.894735771313046
2024-06-06,6.539999961853027,6.539999961853027,6.840000152587891,6.068999767303467,6.269999980926514,7741300,NVDQ,7.094999980926514,7.633500003814698,1.8691570737231933
2024-06-07,6.570000171661377,6.570000171661377,6.869999885559082,6.480000019073486,6.675000190734863,4175000,NVDQ,6.795000076293945,7.365000009536743,0.45871880708465707
2024-06-10,6.465000152587891,6.465000152587891,6.989999771118164,6.329999923706055,6.630000114440918,6234733,NVDQ,6.624000072479248,7.1355000019073485,-1.5981737645363703
2024-06-11,6.539999961853027,6.539999961853027,6.78000020980835,6.360000133514404,6.480000019073486,4308967,NVDQ,6.507000064849853,7.042500019073486,1.1600898297754014
2024-06-12,6.059999942779541,6.059999942779541,6.360000133514404,5.909999847412109,6.315000057220459,5616800,NVDQ,6.435000038146972,6.9075000286102295,-7.339449875737991
2024-06-13,5.670000076293945,5.670000076293945,5.909999847412109,5.639999866485596,5.699999809265137,4588367,NVDQ,6.261000061035157,6.678000020980835,-6.435641421915827
2024-06-14,5.429999828338623,5.429999828338623,5.789999961853027,5.369999885559082,5.610000133514404,5959000,NVDQ,6.0329999923706055,6.414000034332275,-4.232808548958477
2024-06-17,5.519999980926514,5.519999980926514,5.670000076293945,5.309999942779541,5.400000095367432,3967100,NVDQ,5.84399995803833,6.234000015258789,1.657461426024165
2024-06-18,5.159999847412109,5.159999847412109,5.550000190734863,5.099999904632568,5.519999980926514,6489367,NVDQ,5.567999935150146,6.0375,-6.521741571708839
2024-06-20,5.519999980926514,5.519999980926514,5.625,4.769999980926514,4.860000133514404,16816533,NVDQ,5.459999942779541,5.947499990463257,6.9767469798464266
2024-06-21,5.849999904632568,5.849999904632568,6.059999942779541,5.519999980926514,5.880000114440918,16055433,NVDQ,5.495999908447265,5.878499984741211,5.9782595080854595
2024-06-24,6.690000057220459,6.690000057220459,6.690000057220459,6.059999942779541,6.210000038146973,12842333,NVDQ,5.747999954223633,5.8904999732971195,14.358977201396206
2024-06-25,5.760000228881836,5.760000228881836,6.525000095367432,5.760000228881836,6.360000133514404,12812533,NVDQ,5.796000003814697,5.8199999809265135,-13.901342606639922
2024-06-26,5.730000019073486,5.730000019073486,6.119999885559082,5.579999923706055,5.789999961853027,9761700,NVDQ,5.910000038146973,5.73899998664856,-0.5208369551432002
2024-06-27,5.940000057220459,5.940000057220459,6.059999942779541,5.744999885559082,5.940000057220459,5406033,NVDQ,5.994000053405761,5.726999998092651,3.664922119510372
2024-06-28,6.045000076293945,6.045000076293945,6.090000152587891,5.610000133514404,5.909999847412109,7940500,NVDQ,6.033000087738037,5.764499998092651,1.7676770717510726
2024-07-01,5.954999923706055,5.954999923706055,6.480000019073486,5.894999980926514,6.059999942779541,8937767,NVDQ,5.886000061035157,5.817000007629394,-1.4888362523076681
2024-07-02,6.119999885559082,6.119999885559082,6.255000114440918,6.03000020980835,6.210000038146973,4114967,NVDQ,5.957999992370605,5.876999998092652,2.770780251334415
2024-07-03,5.565000057220459,5.565000057220459,6.228000164031982,5.550000190734863,6.210000038146973,6398133,NVDQ,5.925,5.917500019073486,-9.068624815634651
2024-07-05,5.775000095367432,5.775000095367432,5.789999961853027,5.489999771118164,5.610000133514404,4169233,NVDQ,5.892000007629394,5.943000030517578,3.7735855523397976
2024-07-08,5.519999980926514,5.519999980926514,5.65500020980835,5.309999942779541,5.625,7545000,NVDQ,5.786999988555908,5.910000038146973,-4.415586324327048
2024-07-09,5.309999942779541,5.309999942779541,5.519999980926514,5.070000171661377,5.369999885559082,8807600,NVDQ,5.6579999923706055,5.772000026702881,-3.8043485303006275
2024-07-10,4.980000019073486,4.980000019073486,5.190000057220459,4.980000019073486,5.070000171661377,6450833,NVDQ,5.4300000190734865,5.694000005722046,-6.2146878957086145
2024-07-11,5.534999847412109,5.534999847412109,5.579999923706055,4.889999866485596,4.920000076293945,10572467,NVDQ,5.423999977111817,5.674499988555908,11.144574823553487
2024-07-12,5.400000095367432,5.400000095367432,5.579999923706055,5.159999847412109,5.489999771118164,10792200,NVDQ,5.348999977111816,5.620499992370606,-2.4390199777114208
2024-07-15,5.460000038146973,5.460000038146973,5.579999923706055,5.21999979019165,5.309999942779541,5893267,NVDQ,5.336999988555908,5.561999988555908,1.111110031850071
2024-07-16,5.639999866485596,5.639999866485596,5.800000190734863,5.414999961853027,5.460000038146973,12097300,NVDQ,5.402999973297119,5.530499982833862,3.296700129689234
2024-07-17,6.400000095367432,6.400000095367432,6.510000228881836,6.050000190734863,6.110000133514404,18798100,NVDQ,5.686999988555908,5.558500003814697,13.47518168214794
2024-07-18,6.050000190734863,6.050000190734863,6.550000190734863,5.929999828338623,5.96999979019165,16267300,NVDQ,5.790000057220459,5.607000017166138,-5.4687484283931775
2024-07-19,6.380000114440918,6.380000114440918,6.440000057220459,6.019999980926514,6.139999866485596,9595800,NVDQ,5.986000061035156,5.667500019073486,5.454544021526231
2024-07-22,5.760000228881836,5.760000228881836,6.170000076293945,5.724999904632568,6.110000133514404,12255800,NVDQ,6.0460000991821286,5.691500043869018,-9.717866370499472
2024-07-23,5.885000228881836,5.885000228881836,5.914999961853027,5.679999828338623,5.864999771118164,5784900,NVDQ,6.095000171661377,5.749000072479248,2.1701388026553303
2024-07-24,6.664999961853027,6.664999961853027,6.744999885559082,6.139999866485596,6.204999923706055,14137300,NVDQ,6.1480001449584964,5.917500066757202,13.254030631013137
2024-07-25,6.900000095367432,6.900000095367432,7.610000133514404,6.400000095367432,6.824999809265137,23572600,NVDQ,6.31800012588501,6.0540000915527346,3.52588349376477
2024-07-26,6.820000171661377,6.820000171661377,6.993000030517578,6.429999828338623,6.460000038146973,10627200,NVDQ,6.406000137329102,6.196000099182129,-1.1594191681209676
2024-07-29,7.005000114440918,7.005000114440918,7.03000020980835,6.420000076293945,6.75,7693300,NVDQ,6.655000114440918,6.350500106811523,2.712609063387661
2024-07-30,7.994999885559082,7.994999885559082,8.130000114440918,6.960000038146973,7.010000228881836,14792800,NVDQ,7.0770000457763675,6.586000108718872,14.13275881433984
2024-07-31,5.96999979019165,5.96999979019165,6.900000095367432,5.78000020980835,6.599999904632568,20181300,NVDQ,6.938000011444092,6.543000078201294,-25.328331761768695
2024-08-01,6.730000019073486,6.730000019073486,7.0,5.650000095367432,5.900000095367432,26060900,NVDQ,6.903999996185303,6.611000061035156,12.730322539214667
2024-08-02,7.010000228881836,7.010000228881836,7.744999885559082,6.835000038146973,7.46999979019165,24362700,NVDQ,6.942000007629394,6.674000072479248,4.160478588630023
2024-08-05,7.869999885559082,7.869999885559082,9.1899995803833,7.520999908447266,8.970000267028809,25288000,NVDQ,7.1149999618530275,6.8850000381469725,12.268183004245415
2024-08-06,7.340000152587891,7.340000152587891,7.894999980926514,6.760000228881836,7.380000114440918,18236800,NVDQ,6.984000015258789,7.030500030517578,-6.734431266558271
2024-08-07,8.100000381469727,8.100000381469727,8.100000381469727,6.681000232696533,6.829999923706055,14705900,NVDQ,7.410000133514404,7.174000072479248,10.354226336274387
2024-08-08,7.059999942779541,7.059999942779541,8.279999732971191,6.992000102996826,7.550000190734863,13660200,NVDQ,7.476000118255615,7.190000057220459,-12.839510984090596
2024-08-09,7.110000133514404,7.110000133514404,7.28000020980835,6.860000133514404,7.019999980926514,7936000,NVDQ,7.496000099182129,7.219000053405762,0.7082180048173958
2024-08-12,6.510000228881836,6.510000228881836,6.889999866485596,6.260000228881836,6.880000114440918,12899400,NVDQ,7.22400016784668,7.169500064849854,-8.438817065619297
2024-08-13,5.670000076293945,5.670000076293945,6.21999979019165,5.670000076293945,6.119999885559082,10399700,NVDQ,6.8900001525878904,6.93700008392334,-12.903227696693486
2024-08-14,5.5,5.5,5.880000114440918,5.440000057220459,5.440000057220459,11982400,NVDQ,6.3700000762939455,6.890000104904175,-2.99823763679844
2024-08-15,5.039999961853027,5.039999961853027,5.550000190734863,5.010000228881836,5.429999828338623,10546800,NVDQ,5.966000080108643,6.721000099182129,-8.363637057217687
2024-08-16,4.909999847412109,4.909999847412109,5.179999828338623,4.869999885559082,5.119999885559082,13308700,NVDQ,5.526000022888184,6.511000061035157,-2.5793673695410413
2024-08-19,4.489999771118164,4.489999771118164,4.989999771118164,4.482999801635742,4.920000076293945,12116300,NVDQ,5.121999931335449,6.173000049591065,-8.553973306441398
2024-08-20,4.675000190734863,4.675000190734863,4.769999980926514,4.489999771118164,4.599999904632568,11329200,NVDQ,4.9229999542236325,5.906500053405762,4.120276816197421
2024-08-21,4.590000152587891,4.590000152587891,4.715000152587891,4.519999980926514,4.670000076293945,9661200,NVDQ,4.740999984741211,5.555500030517578,-1.8181825599799972
2024-08-22,4.909999847412109,4.909999847412109,4.960000038146973,4.420000076293945,4.474999904632568,12621400,NVDQ,4.714999961853027,5.340500020980835,6.971670679439956
2024-08-23,4.489999771118164,4.489999771118164,4.789999961853027,4.456999778747559,4.75,12578700,NVDQ,4.630999946594239,5.078499984741211,-8.553973306441398
2024-08-26,4.675000190734863,4.675000190734863,4.820000171661377,4.340000152587891,4.465000152587891,18637000,NVDQ,4.668000030517578,4.894999980926514,4.120276816197421
2024-08-27,4.545000076293945,4.545000076293945,4.869999885559082,4.474999904632568,4.78000020980835,14407100,NVDQ,4.642000007629394,4.782499980926514,-2.7807509975840916
2024-08-28,4.735000133514404,4.735000133514404,4.940999984741211,4.545000076293945,4.559999942779541,32613100,NVDQ,4.671000003814697,4.7059999942779545,4.180419230606214
2024-08-29,5.340000152587891,5.340000152587891,5.409999847412109,4.820000171661377,5.050000190734863,29422500,NVDQ,4.757000064849853,4.736000013351441,12.777191172420178
2024-08-30,5.170000076293945,5.170000076293945,5.375,4.960000038146973,5.159999847412109,19364800,NVDQ,4.89300012588501,4.762000036239624,-3.183521937008915
2024-09-03,6.170000076293945,6.170000076293945,6.230000019073486,5.460000038146973,5.46999979019165,24413900,NVDQ,5.192000102996826,4.930000066757202,19.342359482455528
2024-09-04,6.380000114440918,6.380000114440918,6.619999885559082,5.940000057220459,6.510000228881836,26398200,NVDQ,5.55900011062622,5.100500059127808,3.403566216373699
2024-09-05,6.255000114440918,6.255000114440918,6.545000076293945,5.965000152587891,6.53000020980835,21258400,NVDQ,5.863000106811524,5.26700005531311,-1.9592476137589188
2024-09-06,6.764999866485596,6.764999866485596,6.989999771118164,6.150000095367432,6.159999847412109,21465100,NVDQ,6.148000049591064,5.452500057220459,8.15347310493635
2024-09-09,6.289999961853027,6.289999961853027,6.659999847412109,6.2820000648498535,6.5,15630000,NVDQ,6.372000026702881,5.632500076293946,-7.0214325795593835
2024-09-10,6.114999771118164,6.114999771118164,6.480000019073486,5.949999809265137,6.139999866485596,11971500,NVDQ,6.360999965667725,5.776500034332275,-2.7821970078885094
2024-09-11,5.119999885559082,5.119999885559082,6.179999828338623,5.085000038146973,5.954999923706055,27931400,NVDQ,6.108999919891358,5.834000015258789,-16.271462351619036
2024-09-12,4.909999847412109,4.909999847412109,5.244999885559082,4.78000020980835,5.119999885559082,21836700,NVDQ,5.839999866485596,5.85149998664856,-4.101563336735148
2024-09-13,4.929999828338623,4.929999828338623,5.039999961853027,4.849999904632568,4.929999828338623,12353400,NVDQ,5.472999858856201,5.810499954223633,0.4073315997566773
2024-09-16,5.110000133514404,5.110000133514404,5.301000118255615,4.994999885559082,5.119999885559082,13235500,NVDQ,5.236999893188477,5.804499959945678,3.651121935970547
2024-09-17,5.199999809265137,5.199999809265137,5.28000020980835,4.934999942779541,4.980000019073486,15766000,NVDQ,5.053999900817871,5.707499933242798,1.7612460547791642
2024-09-18,5.420000076293945,5.420000076293945,5.429999828338623,5.019999980926514,5.179999828338623,17013800,NVDQ,5.113999938964843,5.611499929428101,4.2307745211225045
2024-09-19,4.985000133514404,4.985000133514404,5.050000190734863,4.829999923706055,5.050000190734863,13877200,NVDQ,5.128999996185303,5.484499931335449,-8.02582908959999
2024-09-20,5.139999866485596,5.139999866485596,5.199999809265137,4.940000057220459,5.070000171661377,15212900,NVDQ,5.171000003814697,5.32199993133545,3.109322544028048
2024-09-23,5.119999885559082,5.119999885559082,5.25,5.065000057220459,5.105000019073486,14680900,NVDQ,5.1729999542236325,5.204999923706055,-0.389104697393472
2024-09-24,4.71999979019165,4.71999979019165,5.210000038146973,4.639999866485596,5.119999885559082,26276800,NVDQ,5.076999950408935,5.065499925613404,-7.812502037268176
2024-09-25,4.519999980926514,4.519999980926514,4.659999847412109,4.400000095367432,4.639999866485596,23004700,NVDQ,4.896999931335449,5.005499935150146,-4.237284282951547
2024-09-26,4.489999771118164,4.489999771118164,4.644999980926514,4.210000038146973,4.28000020980835,25109700,NVDQ,4.797999858856201,4.963499927520752,-0.6637214587377094
2024-09-27,4.675000190734863,4.675000190734863,4.820000171661377,4.480000019073486,4.480000019073486,18400000,NVDQ,4.704999923706055,4.937999963760376,4.120276816197421
2024-09-30,4.670000076293945,4.670000076293945,4.920000076293945,4.659999847412109,4.829999923706055,18303000,NVDQ,4.6149999618530275,4.89399995803833,-0.10695431522821375
2024-10-01,5.019999980926514,5.019999980926514,5.099999904632568,4.590000152587891,4.650000095367432,20471000,NVDQ,4.675,4.875999975204468,7.4946445163727615
2024-10-02,4.869999885559082,4.869999885559082,5.179999828338623,4.809999942779541,5.070000171661377,16653300,NVDQ,4.744999980926513,4.820999956130981,-2.988049719867669
2024-10-03,4.53000020980835,4.53000020980835,4.730000019073486,4.414999961853027,4.699999809265137,20573500,NVDQ,4.753000068664551,4.775499963760376,-6.981513013150719
2024-10-04,4.389999866485596,4.389999866485596,4.610000133514404,4.375,4.380000114440918,17266700,NVDQ,4.696000003814698,4.700499963760376,-3.090515161999896
2024-10-07,4.184999942779541,4.184999942779541,4.389999866485596,3.9839999675750732,4.380000114440918,27420800,NVDQ,4.598999977111816,4.6069999694824215,-4.669702276555354
2024-10-08,3.8550000190734863,3.8550000190734863,4.074999809265137,3.809999942779541,4.019999980926514,23540300,NVDQ,4.365999984741211,4.520499992370605,-7.885302944278639
2024-10-09,3.859999895095825,3.859999895095825,3.940000057220459,3.759999990463257,3.7799999713897705,24455600,NVDQ,4.16399998664856,4.454499983787537,0.1296984694578729
2024-10-10,3.744999885559082,3.744999885559082,3.940000057220459,3.7300000190734863,3.9000000953674316,27325900,NVDQ,4.006999921798706,4.379999995231628,-2.9792749394333407
2024-10-11,3.744999885559082,3.744999885559082,3.799999952316284,3.684000015258789,3.7799999713897705,15443700,NVDQ,3.8779999256134032,4.286999964714051,0.0
2024-10-14,3.559999942779541,3.559999942779541,3.6600000858306885,3.4700000286102295,3.6549999713897705,25871700,NVDQ,3.7529999256134032,4.17599995136261,-4.939918516230413
2024-10-15,3.9000000953674316,3.9000000953674316,4.039999961853027,3.5380001068115234,3.575000047683716,43506100,NVDQ,3.7619999408721925,4.063999962806702,9.550566237437309
2024-10-16,3.6549999713897705,3.6549999713897705,3.8949999809265137,3.5999999046325684,3.755000114440918,33277400,NVDQ,3.7209999561309814,3.9424999713897706,-6.282054307349416
2024-10-17,3.5850000381469727,3.5850000381469727,3.5899999141693115,3.380000114440918,3.4600000381469727,37134000,NVDQ,3.6889999866485597,3.8479999542236327,-1.9151828670516013
2024-10-18,3.5350000858306885,3.5350000858306885,3.569999933242798,3.490000009536743,3.494999885559082,21464700,NVDQ,3.647000026702881,3.762499976158142,-1.3946987945397171
2024-10-21,3.244999885559082,3.244999885559082,3.5299999713897705,3.240000009536743,3.5299999713897705,44907500,NVDQ,3.584000015258789,3.668499970436096,-8.203682976812699
2024-10-22,3.25,3.25,3.3299999237060547,3.2100000381469727,3.2799999713897705,33964400,NVDQ,3.4539999961853027,3.6079999685287474,0.15408673704950804
2024-10-23,3.430000066757202,3.430000066757202,3.5250000953674316,3.305000066757202,3.309999942779541,36970400,NVDQ,3.409000015258789,3.564999985694885,5.538463592529297
2024-10-24,3.3949999809265137,3.3949999809265137,3.490000009536743,3.3399999141693115,3.369999885559082,27921900,NVDQ,3.3710000038146974,3.5299999952316283,-1.0204106457577522
2024-10-25,3.3299999237060547,3.3299999237060547,3.369999885559082,3.2100000381469727,3.365000009536743,37453300,NVDQ,3.3299999713897703,3.4884999990463257,-1.914581961285322
2024-10-28,3.390000104904175,3.390000104904175,3.4079999923706055,3.265000104904175,3.2699999809265137,17747200,NVDQ,3.359000015258789,3.471500015258789,1.801807284468171
2024-10-29,3.3450000286102295,3.3450000286102295,3.4660000801086426,3.299999952316284,3.4000000953674316,18034200,NVDQ,3.378000020980835,3.416000008583069,-1.3274358377996953
2024-10-30,3.444999933242798,3.444999933242798,3.559999942779541,3.390000104904175,3.430000066757202,28388500,NVDQ,3.3809999942779543,3.3950000047683715,2.9895337452094495
2024-10-31,3.7750000953674316,3.7750000953674316,3.799999952316284,3.5299999713897705,3.5299999713897705,31428700,NVDQ,3.4570000171661377,3.4140000104904176,9.579105036846913
2024-11-01,3.619999885559082,3.619999885559082,3.6649999618530273,3.509999990463257,3.6600000858306885,35608000,NVDQ,3.515000009536743,3.422499990463257,-4.105965719009152
2024-11-04,3.5799999237060547,3.5799999237060547,3.609999895095825,3.430000066757202,3.5250000953674316,36497400,NVDQ,3.552999973297119,3.455999994277954,-1.1049713568388575
2024-11-05,3.384999990463257,3.384999990463257,3.5199999809265137,3.359999895095825,3.509999990463257,23600900,NVDQ,3.5609999656677247,3.4694999933242796,-5.446925625655652
2024-11-06,3.119999885559082,3.119999885559082,3.2799999713897705,3.059999942779541,3.2300000190734863,33427700,NVDQ,3.4959999561309814,3.4384999752044676,-7.828658955709722
2024-11-07,2.9749999046325684,2.9749999046325684,3.0850000381469727,2.9700000286102295,3.0799999237060547,24448700,NVDQ,3.335999917984009,3.3964999675750733,-4.647435456573124
2024-11-08,3.0250000953674316,3.0250000953674316,3.0799999237060547,2.930000066757202,2.9800000190734863,25967400,NVDQ,3.216999959945679,3.3659999847412108,1.6806787340397866
2024-11-11,3.115000009536743,3.115000009536743,3.190000057220459,2.9700000286102295,2.9800000190734863,27472400,NVDQ,3.1239999771118163,3.338499975204468,2.975203680394589
2024-11-12,2.984999895095825,2.984999895095825,3.0850000381469727,2.930000066757202,3.049999952316284,43948700,NVDQ,3.04399995803833,3.3024999618530275,-4.173358396241267
2024-11-13,3.065000057220459,3.065000057220459,3.0869998931884766,2.944999933242798,2.9600000381469727,36499900,NVDQ,3.0329999923706055,3.2644999742507936,2.6800725271739267
2024-11-14,3.0450000762939453,3.0450000762939453,3.0999999046325684,2.950000047683716,3.015000104904175,36528700,NVDQ,3.047000026702881,3.1914999723434447,-0.6525279136422202
2024-11-15,3.244999885559082,3.244999885559082,3.3299999237060547,3.115000009536743,3.119999885559082,34972000,NVDQ,3.090999984741211,3.1539999723434446,6.5681380707403925
2024-11-18,3.3350000381469727,3.3350000381469727,3.4700000286102295,3.2699999809265137,3.359999895095825,45366400,NVDQ,3.134999990463257,3.129499983787537,2.773502488810853
2024-11-19,3.015000104904175,3.015000104904175,3.2899999618530273,3.0,3.2799999713897705,42710700,NVDQ,3.1410000324249268,3.0924999952316283,-9.595200287331917
2024-11-20,3.059999942779541,3.059999942779541,3.180000066757202,2.992000102996826,3.0,48948800,NVDQ,3.140000009536743,3.0865000009536745,1.492531884233439
2024-11-21,3.0199999809265137,3.0199999809265137,3.2699999809265137,2.759999990463257,2.9100000858306885,77934500,NVDQ,3.134999990463257,3.0910000085830687,-1.307188320294328
2024-11-22,3.2149999141693115,3.2149999141693115,3.25,3.0,3.049999952316284,56768000,NVDQ,3.1289999961853026,3.109999990463257,6.456951472661054
2024-11-25,3.484999895095825,3.484999895095825,3.490000009536743,3.2149999141693115,3.2149999141693115,50346000,NVDQ,3.158999967575073,3.146999979019165,8.398133378994999
2024-11-26,3.440000057220459,3.440000057220459,3.5,3.319999933242798,3.4000000953674316,34899600,NVDQ,3.24399995803833,3.1924999952316284,-1.2912435933984168
2024-11-27,3.5199999809265137,3.5199999809265137,3.690000057220459,3.5199999809265137,3.5350000858306885,35882200,NVDQ,3.3359999656677246,3.237999987602234,2.3255791388182345
2024-11-29,3.365000009536743,3.365000009536743,3.4820001125335693,3.309999942779541,3.440000057220459,21203000,NVDQ,3.4049999713897705,3.2699999809265137,-4.403408301978806
